"ubigeo","actasContabilizadas","contabilizadas","totalActas","participacionCiudadana","actasEnviadasJee","enviadasJee","actasPendientesJee","pendientesJee","fechaActualizacion","idUbigeoDepartamento","idUbigeoProvincia","idUbigeoDistrito","idUbigeoDistritoElectoral","totalVotosEmitidos","totalVotosValidos","porcentajeVotosEmitidos","porcentajeVotosValidos"
"010101",100,76,76,74.324,0,0,0,0,1781051880116,10000,10100,10101,NA,16361,14933,100,100
"010102",100,2,2,60.465,0,0,0,0,1781051880116,10000,10100,10102,NA,182,172,100,100
"010103",100,5,5,60.596,0,0,0,0,1781051880116,10000,10100,10103,NA,732,683,100,100
"010104",100,3,3,69.837,0,0,0,0,1781051880116,10000,10100,10104,NA,470,423,100,100
"010105",100,4,4,50,0,0,0,0,1781051880116,10000,10100,10105,NA,506,465,100,100
"010106",100,7,7,39.886,0,0,0,0,1781051880116,10000,10100,10106,NA,702,646,100,100
"010107",100,2,2,66.135,0,0,0,0,1781051880116,10000,10100,10107,NA,373,356,100,100
"010108",100,3,3,77.764,0,0,0,0,1781051880116,10000,10100,10108,NA,647,596,100,100
"010109",100,17,17,70.67,0,0,0,0,1781051880116,10000,10100,10109,NA,3060,2859,100,100
"010110",100,10,10,62.318,0,0,0,0,1781051880116,10000,10100,10110,NA,1801,1660,100,100
"010111",100,4,4,80.368,0,0,0,0,1781051880116,10000,10100,10111,NA,831,791,100,100
"010112",100,3,3,74.557,0,0,0,0,1781051880116,10000,10100,10112,NA,589,549,100,100
"010113",100,4,4,64.341,0,0,0,0,1781051880116,10000,10100,10113,NA,581,543,100,100
"010114",100,8,8,70.297,0,0,0,0,1781051880116,10000,10100,10114,NA,1536,1430,100,100
"010115",100,3,3,70.84,0,0,0,0,1781051880116,10000,10100,10115,NA,464,434,100,100
"010116",100,2,2,66.21,0,0,0,0,1781051880116,10000,10100,10116,NA,290,275,100,100
"010117",75,3,4,39.558,25,1,0,0,1781051880116,10000,10100,10117,NA,394,370,100,100
"010118",100,2,2,73.116,0,0,0,0,1781051880116,10000,10100,10118,NA,291,272,100,100
"010119",100,3,3,77.467,0,0,0,0,1781051880116,10000,10100,10119,NA,526,503,100,100
"010120",100,6,6,69.113,0,0,0,0,1781051880116,10000,10100,10120,NA,1036,944,100,100
"010121",100,2,2,65.057,0,0,0,0,1781051880116,10000,10100,10121,NA,283,267,100,100
"010201",100,25,25,64.244,0,0,0,0,1781051880116,10000,10200,10201,NA,4296,4020,100,100
"010202",100,34,34,59.672,0,0,0,0,1781051880116,10000,10200,10202,NA,5599,5247,100,100
"010203",93.75,15,16,68.415,6.25,1,0,0,1781051880116,10000,10200,10203,NA,3052,2841,100,100
"010204",100,6,6,75.815,0,0,0,0,1781051880116,10000,10200,10204,NA,1163,1091,100,100
"010205",100,72,72,71.673,0,0,0,0,1781051880116,10000,10200,10205,NA,15176,14063,100,100
"010206",100,97,97,40.6,0,0,0,0,1781051880116,10000,10200,10206,NA,10804,10413,100,100
"010301",100,3,3,59.375,0,0,0,0,1781051880116,10000,10300,10301,NA,513,459,100,100
"010302",100,3,3,68.886,0,0,0,0,1781051880116,10000,10300,10302,NA,476,429,100,100
"010303",100,3,3,68.876,0,0,0,0,1781051880116,10000,10300,10303,NA,582,547,100,100
"010304",100,2,2,67.225,0,0,0,0,1781051880116,10000,10300,10304,NA,281,267,100,100
"010305",100,2,2,66.571,0,0,0,0,1781051880116,10000,10300,10305,NA,233,223,100,100
"010306",100,17,17,70.334,0,0,0,0,1781051880116,10000,10300,10306,NA,3452,3153,100,100
"010307",100,2,2,66.571,0,0,0,0,1781051880116,10000,10300,10307,NA,231,223,100,100
"010308",100,3,3,69.067,0,0,0,0,1781051880116,10000,10300,10308,NA,422,395,100,100
"010309",100,6,6,68.39,0,0,0,0,1781051880116,10000,10300,10309,NA,1032,974,100,100
"010310",100,4,4,73.643,0,0,0,0,1781051880116,10000,10300,10310,NA,760,694,100,100
"010311",100,18,18,65.899,0,0,0,0,1781051880116,10000,10300,10311,NA,3260,3038,100,100
"010312",100,21,21,65.583,0,0,0,0,1781051880116,10000,10300,10312,NA,3712,3452,100,100
"010401",100,7,7,69.954,0,0,0,0,1781051880116,10000,10400,10401,NA,1220,1108,100,100
"010402",100,20,20,69.215,0,0,0,0,1781051880116,10000,10400,10402,NA,3685,3382,100,100
"010403",85.714,6,7,32.952,14.286,1,0,0,1781051880116,10000,10400,10403,NA,518,478,100,100
"010404",100,7,7,68.362,0,0,0,0,1781051880116,10000,10400,10404,NA,1277,1164,100,100
"010405",100,6,6,68.815,0,0,0,0,1781051880116,10000,10400,10405,NA,1132,1050,100,100
"010406",100,3,3,67.632,0,0,0,0,1781051880116,10000,10400,10406,NA,397,376,100,100
"010407",100,4,4,72.209,0,0,0,0,1781051880116,10000,10400,10407,NA,595,568,100,100
"010408",100,3,3,59.059,0,0,0,0,1781051880116,10000,10400,10408,NA,502,457,100,100
"010409",100,12,12,73.924,0,0,0,0,1781051880116,10000,10400,10409,NA,2387,2194,100,100
"010410",100,2,2,70.72,0,0,0,0,1781051880116,10000,10400,10410,NA,285,265,100,100
"010411",100,3,3,68.198,0,0,0,0,1781051880116,10000,10400,10411,NA,564,524,100,100
"010412",100,11,11,65.913,0,0,0,0,1781051880116,10000,10400,10412,NA,1953,1817,100,100
"010413",100,11,11,65.08,0,0,0,0,1781051880116,10000,10400,10413,NA,1914,1741,100,100
"010414",100,18,18,41.753,0,0,0,0,1781051880116,10000,10400,10414,NA,1739,1606,100,100
"010415",100,3,3,70.261,0,0,0,0,1781051880116,10000,10400,10415,NA,430,405,100,100
"010416",100,3,3,63.328,0,0,0,0,1781051880116,10000,10400,10416,NA,392,360,100,100
"010417",100,4,4,63.576,0,0,0,0,1781051880116,10000,10400,10417,NA,672,625,100,100
"010418",100,2,2,58.153,0,0,0,0,1781051880116,10000,10400,10418,NA,296,282,100,100
"010419",100,7,7,59.386,0,0,0,0,1781051880116,10000,10400,10419,NA,1044,996,100,100
"010420",100,12,12,57.798,0,0,0,0,1781051880116,10000,10400,10420,NA,1575,1478,100,100
"010421",100,5,5,71.733,0,0,0,0,1781051880116,10000,10400,10421,NA,977,923,100,100
"010422",100,4,4,74.738,0,0,0,0,1781051880116,10000,10400,10422,NA,855,818,100,100
"010423",100,5,5,52.528,0,0,0,0,1781051880116,10000,10400,10423,NA,696,649,100,100
"010501",100,15,15,65.462,0,0,0,0,1781051880116,10000,10500,10501,NA,2807,2566,100,100
"010502",100,3,3,70.224,0,0,0,0,1781051880116,10000,10500,10502,NA,533,493,100,100
"010503",100,8,8,48.577,0,0,0,0,1781051880116,10000,10500,10503,NA,1007,938,100,100
"010504",100,10,10,68.545,0,0,0,0,1781051880116,10000,10500,10504,NA,1715,1580,100,100
"010505",100,6,6,59.905,0,0,0,0,1781051880116,10000,10500,10505,NA,880,819,100,100
"010506",100,6,6,69.882,0,0,0,0,1781051880116,10000,10500,10506,NA,1065,998,100,100
"010507",100,3,3,53.914,0,0,0,0,1781051880116,10000,10500,10507,NA,365,343,100,100
"010508",100,6,6,69.94,0,0,0,0,1781051880116,10000,10500,10508,NA,1175,1091,100,100
"010509",100,29,29,52.784,0,0,0,0,1781051880116,10000,10500,10509,NA,4039,3750,100,100
"010510",100,3,3,71.912,0,0,0,0,1781051880116,10000,10500,10510,NA,425,393,100,100
"010511",100,2,2,53.846,0,0,0,0,1781051880116,10000,10500,10511,NA,266,259,100,100
"010512",100,11,11,58.602,0,0,0,0,1781051880116,10000,10500,10512,NA,1383,1301,100,100
"010601",100,86,86,38.178,0,0,0,0,1781051880116,10000,10600,10601,NA,9089,8716,100,100
"010602",100,47,47,34.355,0,0,0,0,1781051880116,10000,10600,10602,NA,4236,4124,100,100
"010603",100,41,41,43,0,0,0,0,1781051880116,10000,10600,10603,NA,4804,4668,100,100
"010701",100,152,152,67.881,0,0,0,0,1781051880116,10000,10700,10701,NA,28911,27071,100,100
"010702",100,77,77,61.979,0,0,0,0,1781051880116,10000,10700,10702,NA,13553,12746,100,100
"010703",100,27,27,64.753,0,0,0,0,1781051880116,10000,10700,10703,NA,4657,4419,100,100
"010704",100,19,19,68.755,0,0,0,0,1781051880116,10000,10700,10704,NA,3622,3409,100,100
"010705",100,22,22,65.52,0,0,0,0,1781051880116,10000,10700,10705,NA,3924,3769,100,100
"010706",100,29,29,67.566,0,0,0,0,1781051880116,10000,10700,10706,NA,5537,5231,100,100
"010707",100,13,13,62.301,0,0,0,0,1781051880116,10000,10700,10707,NA,1922,1817,100,100
"020101",100,167,167,78.747,0,0,0,0,1781051880116,20000,20100,20101,NA,38563,35321,100,100
"020102",97.814,179,183,77.863,2.186,4,0,0,1781051880116,20000,20100,20102,NA,41025,37701,100,100
"020103",100,7,7,46.154,0,0,0,0,1781051880116,20000,20100,20103,NA,822,763,100,100
"020104",100,2,2,68.73,0,0,0,0,1781051880116,20000,20100,20104,NA,211,199,100,100
"020105",100,8,8,54.051,0,0,0,0,1781051880116,20000,20100,20105,NA,1014,951,100,100
"020106",100,17,17,82.752,0,0,0,0,1781051880116,20000,20100,20106,NA,3699,3439,100,100
"020107",100,5,5,64.625,0,0,0,0,1781051880116,20000,20100,20107,NA,897,842,100,100
"020108",100,10,10,77.035,0,0,0,0,1781051880116,20000,20100,20108,NA,2110,1985,100,100
"020109",100,5,5,57.881,0,0,0,0,1781051880116,20000,20100,20109,NA,672,635,100,100
"020110",100,16,16,64.291,0,0,0,0,1781051880116,20000,20100,20110,NA,2769,2602,100,100
"020111",100,16,16,62.571,0,0,0,0,1781051880116,20000,20100,20111,NA,2546,2404,100,100
"020112",100,20,20,80.701,0,0,0,0,1781051880116,20000,20100,20112,NA,4353,3941,100,100
"020201",100,6,6,70.128,0,0,0,0,1781051880116,20000,20200,20201,NA,1202,1142,100,100
"020203",100,6,6,59.446,0,0,0,0,1781051880116,20000,20200,20203,NA,944,887,100,100
"020205",100,2,2,61.121,0,0,0,0,1781051880116,20000,20200,20205,NA,327,316,100,100
"020206",100,9,9,67.536,0,0,0,0,1781051880116,20000,20200,20206,NA,1373,1302,100,100
"020208",100,3,3,61.769,0,0,0,0,1781051880116,20000,20200,20208,NA,454,433,100,100
"020301",100,12,12,64.478,0,0,0,0,1781051880116,20000,20300,20301,NA,1944,1809,100,100
"020302",100,1,1,51.406,0,0,0,0,1781051880116,20000,20300,20302,NA,128,120,100,100
"020304",100,8,8,65.387,0,0,0,0,1781051880116,20000,20300,20304,NA,1226,1149,100,100
"020305",100,6,6,66.556,0,0,0,0,1781051880116,20000,20300,20305,NA,999,953,100,100
"020310",100,5,5,60.102,0,0,0,0,1781051880116,20000,20300,20310,NA,589,558,100,100
"020311",100,7,7,60.092,0,0,0,0,1781051880116,20000,20300,20311,NA,911,830,100,100
"020313",100,3,3,49.614,0,0,0,0,1781051880116,20000,20300,20313,NA,321,305,100,100
"020315",100,4,4,54.395,0,0,0,0,1781051880116,20000,20300,20315,NA,526,506,100,100
"020317",100,2,2,49.61,0,0,0,0,1781051880116,20000,20300,20317,NA,191,185,100,100
"020320",100,3,3,52.996,0,0,0,0,1781051880116,20000,20300,20320,NA,283,265,100,100
"020321",100,6,6,64.18,0,0,0,0,1781051880116,20000,20300,20321,NA,783,747,100,100
"020322",100,2,2,42.347,0,0,0,0,1781051880116,20000,20300,20322,NA,166,165,100,100
"020323",100,7,7,76.684,0,0,0,0,1781051880116,20000,20300,20323,NA,1309,1237,100,100
"020324",100,2,2,52.208,0,0,0,0,1781051880116,20000,20300,20324,NA,201,195,100,100
"020325",100,17,17,64.867,0,0,0,0,1781051880116,20000,20300,20325,NA,3148,2950,100,100
"020401",97.674,42,43,77.294,2.326,1,0,0,1781051880116,20000,20400,20401,NA,9545,8534,100,100
"020402",100,8,8,80.916,0,0,0,0,1781051880116,20000,20400,20402,NA,1819,1626,100,100
"020403",100,6,6,77.039,0,0,0,0,1781051880116,20000,20400,20403,NA,1275,1160,100,100
"020404",100,8,8,76.371,0,0,0,0,1781051880116,20000,20400,20404,NA,1755,1656,100,100
"020405",83.333,5,6,58.78,16.667,1,0,0,1781051880116,20000,20400,20405,NA,944,863,100,100
"020406",100,31,31,81.327,0,0,0,0,1781051880116,20000,20400,20406,NA,6829,6097,100,100
"020407",100,5,5,79.593,0,0,0,0,1781051880116,20000,20400,20407,NA,1018,917,100,100
"020408",100,9,9,76.543,0,0,0,0,1781051880116,20000,20400,20408,NA,1736,1544,100,100
"020409",100,11,11,70.695,0,0,0,0,1781051880116,20000,20400,20409,NA,2229,1998,100,100
"020410",100,10,10,79.217,0,0,0,0,1781051880116,20000,20400,20410,NA,2245,2067,100,100
"020411",91.667,11,12,72.818,8.333,1,0,0,1781051880116,20000,20400,20411,NA,2127,2016,100,100
"020501",98.947,94,95,77.355,1.053,1,0,0,1781051880116,20000,20500,20501,NA,21353,19642,100,100
"020502",100,15,15,79.67,0,0,0,0,1781051880116,20000,20500,20502,NA,3378,3171,100,100
"020503",88.889,8,9,73.384,11.111,1,0,0,1781051880116,20000,20500,20503,NA,1817,1685,100,100
"020505",100,24,24,76.957,0,0,0,0,1781051880116,20000,20500,20505,NA,5230,4763,100,100
"020601",100,5,5,53.552,0,0,0,0,1781051880116,20000,20600,20601,NA,686,625,100,100
"020602",100,2,2,56.098,0,0,0,0,1781051880116,20000,20600,20602,NA,207,195,100,100
"020603",100,2,2,61.654,0,0,0,0,1781051880116,20000,20600,20603,NA,246,239,100,100
"020604",100,9,9,66.751,0,0,0,0,1781051880116,20000,20600,20604,NA,1590,1510,100,100
"020605",100,4,4,58.779,0,0,0,0,1781051880116,20000,20600,20605,NA,549,510,100,100
"020606",100,3,3,63.813,0,0,0,0,1781051880116,20000,20600,20606,NA,395,366,100,100
"020607",100,2,2,57.225,0,0,0,0,1781051880116,20000,20600,20607,NA,198,190,100,100
"020701",100,68,68,77.314,0,0,0,0,1781051880116,20000,20700,20701,NA,15380,13687,100,100
"020702",100,4,4,66.547,0,0,0,0,1781051880116,20000,20700,20702,NA,744,703,100,100
"020703",100,5,5,73.541,0,0,0,0,1781051880116,20000,20700,20703,NA,970,897,100,100
"020704",100,5,5,61.958,0,0,0,0,1781051880116,20000,20700,20704,NA,886,820,100,100
"020705",100,7,7,76.387,0,0,0,0,1781051880116,20000,20700,20705,NA,1336,1224,100,100
"020706",100,27,27,51.508,0,0,0,0,1781051880116,20000,20700,20706,NA,3620,3334,100,100
"020707",100,24,24,77.631,0,0,0,0,1781051880116,20000,20700,20707,NA,5157,4655,100,100
"020708",100,16,16,70.798,0,0,0,0,1781051880116,20000,20700,20708,NA,3159,2865,100,100
"020709",100,9,9,57.558,0,0,0,0,1781051880116,20000,20700,20709,NA,1367,1282,100,100
"020710",100,4,4,61.048,0,0,0,0,1781051880116,20000,20700,20710,NA,594,534,100,100
"020801",90.476,19,21,57.501,9.524,2,0,0,1781051880116,20000,20800,20801,NA,3350,3095,100,100
"020802",100,14,14,67.81,0,0,0,0,1781051880116,20000,20800,20802,NA,2648,2506,100,100
"020803",100,42,42,42.138,0,0,0,0,1781051880116,20000,20800,20803,NA,5006,4654,100,100
"020804",90.909,10,11,38.545,9.091,1,0,0,1781051880116,20000,20800,20804,NA,1171,1106,100,100
"020805",95.238,20,21,43.757,4.762,1,0,0,1781051880116,20000,20800,20805,NA,2439,2325,100,100
"020806",100,9,9,35.841,0,0,0,0,1781051880116,20000,20800,20806,NA,848,803,100,100
"020807",100,10,10,57.338,0,0,0,0,1781051880116,20000,20800,20807,NA,1512,1421,100,100
"020808",100,9,9,57.724,0,0,0,0,1781051880116,20000,20800,20808,NA,1177,1108,100,100
"020809",88.889,8,9,42.845,11.111,1,0,0,1781051880116,20000,20800,20809,NA,973,931,100,100
"020810",100,21,21,30.461,0,0,0,0,1781051880116,20000,20800,20810,NA,1803,1729,100,100
"020811",100,4,4,53.346,0,0,0,0,1781051880116,20000,20800,20811,NA,574,540,100,100
"020812",100,7,7,39.059,0,0,0,0,1781051880116,20000,20800,20812,NA,805,769,100,100
"020813",97.479,116,119,49.009,2.521,3,0,0,1781051880116,20000,20800,20813,NA,16424,15282,100,100
"020814",100,15,15,41.514,0,0,0,0,1781051880116,20000,20800,20814,NA,1678,1584,100,100
"020815",100,7,7,51.985,0,0,0,0,1781051880116,20000,20800,20815,NA,995,935,100,100
"020816",100,11,11,35.543,0,0,0,0,1781051880116,20000,20800,20816,NA,1008,940,100,100
"020901",87.5,7,8,56.184,12.5,1,0,0,1781051880116,20000,20900,20901,NA,1222,1128,100,100
"020902",100,14,14,58.252,0,0,0,0,1781051880116,20000,20900,20902,NA,2199,2022,100,100
"020903",100,10,10,64.661,0,0,0,0,1781051880116,20000,20900,20903,NA,1601,1459,100,100
"020904",100,8,8,40.336,0,0,0,0,1781051880116,20000,20900,20904,NA,768,721,100,100
"020905",100,5,5,50.552,0,0,0,0,1781051880116,20000,20900,20905,NA,595,554,100,100
"020906",100,18,18,57.202,0,0,0,0,1781051880116,20000,20900,20906,NA,2772,2448,100,100
"020907",100,4,4,62.692,0,0,0,0,1781051880116,20000,20900,20907,NA,694,656,100,100
"020908",100,4,4,51.889,0,0,0,0,1781051880116,20000,20900,20908,NA,563,507,100,100
"021001",100,7,7,64.332,0,0,0,0,1781051880116,20000,21000,21001,NA,1286,1132,100,100
"021002",100,4,4,61.421,0,0,0,0,1781051880116,20000,21000,21002,NA,562,506,100,100
"021003",100,24,24,50.009,0,0,0,0,1781051880116,20000,21000,21003,NA,2922,2678,100,100
"021004",100,2,2,64.269,0,0,0,0,1781051880116,20000,21000,21004,NA,277,251,100,100
"021005",100,3,3,61.861,0,0,0,0,1781051880116,20000,21000,21005,NA,472,446,100,100
"021006",100,2,2,51.543,0,0,0,0,1781051880116,20000,21000,21006,NA,284,261,100,100
"021007",100,2,2,67.538,0,0,0,0,1781051880116,20000,21000,21007,NA,310,281,100,100
"021008",75,6,8,47.751,25,2,0,0,1781051880116,20000,21000,21008,NA,998,940,100,100
"021009",100,12,12,51.545,0,0,0,0,1781051880116,20000,21000,21009,NA,1668,1567,100,100
"021010",100,4,4,70.098,0,0,0,0,1781051880116,20000,21000,21010,NA,572,541,100,100
"021011",100,8,8,65.567,0,0,0,0,1781051880116,20000,21000,21011,NA,1312,1219,100,100
"021101",100,39,39,65.421,0,0,0,0,1781051880116,20000,21100,21101,NA,6828,6151,100,100
"021102",100,11,11,67.758,0,0,0,0,1781051880116,20000,21100,21102,NA,1986,1821,100,100
"021103",100,21,21,46.101,0,0,0,0,1781052120079,20000,21100,21103,NA,2365,2086,100,100
"021104",100,8,8,48.96,0,0,0,0,1781052120079,20000,21100,21104,NA,1012,879,100,100
"021201",100,18,18,73.524,0,0,0,0,1781052120079,20000,21200,21201,NA,3338,3108,100,100
"021202",66.667,2,3,40.545,33.333,1,0,0,1781052120079,20000,21200,21202,NA,253,236,100,100
"021203",100,3,3,59.067,0,0,0,0,1781052120079,20000,21200,21203,NA,443,406,100,100
"021204",100,5,5,58.128,0,0,0,0,1781052120079,20000,21200,21204,NA,683,649,100,100
"021205",100,4,4,60.934,0,0,0,0,1781052120079,20000,21200,21205,NA,574,542,100,100
"021206",100,6,6,52.049,0,0,0,0,1781052120079,20000,21200,21206,NA,762,734,100,100
"021207",100,2,2,49.233,0,0,0,0,1781052120079,20000,21200,21207,NA,289,267,100,100
"021208",100,8,8,74.38,0,0,0,0,1781052120079,20000,21200,21208,NA,1710,1615,100,100
"021209",100,5,5,60.461,0,0,0,0,1781052120079,20000,21200,21209,NA,656,629,100,100
"021210",100,13,13,78.77,0,0,0,0,1781052120079,20000,21200,21210,NA,2857,2712,100,100
"021301",98.551,612,621,73.901,1.449,9,0,0,1781052120079,20000,21300,21301,NA,134985,122854,100,100
"021302",100,16,16,67.465,0,0,0,0,1781052120079,20000,21300,21302,NA,3125,2840,100,100
"021303",100,13,13,55.01,0,0,0,0,1781052120079,20000,21300,21303,NA,1861,1755,100,100
"021304",100,25,25,77.817,0,0,0,0,1781052120079,20000,21300,21304,NA,5725,5362,100,100
"021305",95.122,39,41,72.894,4.878,2,0,0,1781052120079,20000,21300,21305,NA,8619,8046,100,100
"021306",100,14,14,77.49,0,0,0,0,1781052120079,20000,21300,21306,NA,3174,2980,100,100
"021307",97.753,87,89,75.443,2.247,2,0,0,1781052120079,20000,21300,21307,NA,19622,17928,100,100
"021308",97.872,46,47,75.847,2.128,1,0,0,1781052120079,20000,21300,21308,NA,10316,9481,100,100
"021309",99.048,416,420,76.832,0.952,4,0,0,1781052120079,20000,21300,21309,NA,95121,86730,100,100
"021401",100,12,12,62.053,0,0,0,0,1781052120079,20000,21400,21401,NA,2188,1990,100,100
"021402",100,2,2,48.256,0,0,0,0,1781052120079,20000,21400,21402,NA,249,238,100,100
"021403",100,4,4,54.939,0,0,0,0,1781052120079,20000,21400,21403,NA,495,463,100,100
"021404",100,11,11,52.379,0,0,0,0,1781052120079,20000,21400,21404,NA,1607,1450,100,100
"021405",100,8,8,52.402,0,0,0,0,1781052120079,20000,21400,21405,NA,1058,937,100,100
"021406",100,5,5,59.496,0,0,0,0,1781052120079,20000,21400,21406,NA,827,762,100,100
"021407",100,6,6,51.751,0,0,0,0,1781052120079,20000,21400,21407,NA,724,679,100,100
"021408",100,9,9,57.405,0,0,0,0,1781052120079,20000,21400,21408,NA,1314,1223,100,100
"021409",100,10,10,57.26,0,0,0,0,1781052120079,20000,21400,21409,NA,1530,1411,100,100
"021410",100,22,22,61.461,0,0,0,0,1781052120079,20000,21400,21410,NA,3518,3183,100,100
"021501",98.333,59,60,75.335,1.667,1,0,0,1781052120079,20000,21500,21501,NA,12947,11705,100,100
"021502",100,6,6,64.811,0,0,0,0,1781052120079,20000,21500,21502,NA,1083,958,100,100
"021503",100,22,22,75.688,0,0,0,0,1781052120079,20000,21500,21503,NA,4486,4034,100,100
"021504",100,6,6,78.901,0,0,0,0,1781052120079,20000,21500,21504,NA,1264,1122,100,100
"021505",100,39,39,57.155,0,0,0,0,1781052120079,20000,21500,21505,NA,6075,5497,100,100
"021506",100,10,10,79.135,0,0,0,0,1781052120079,20000,21500,21506,NA,2325,2117,100,100
"021507",100,8,8,64.158,0,0,0,0,1781052120079,20000,21500,21507,NA,1296,1174,100,100
"021508",100,18,18,56.596,0,0,0,0,1781052120079,20000,21500,21508,NA,2793,2476,100,100
"021601",100,8,8,55.835,0,0,0,0,1781051880116,20000,21600,21601,NA,1153,1038,100,100
"021602",100,6,6,54.086,0,0,0,0,1781051880116,20000,21600,21602,NA,834,782,100,100
"021603",100,5,5,45.614,0,0,0,0,1781051880116,20000,21600,21603,NA,624,584,100,100
"021604",100,6,6,60.772,0,0,0,0,1781051880116,20000,21600,21604,NA,945,873,100,100
"021605",100,16,16,45.719,0,0,0,0,1781051880116,20000,21600,21605,NA,1826,1682,100,100
"021606",100,5,5,43.955,0,0,0,0,1781051880116,20000,21600,21606,NA,549,509,100,100
"021701",100,32,32,59.88,0,0,0,0,1781051880116,20000,21700,21701,NA,4909,4401,100,100
"021702",92.857,13,14,49.947,7.143,1,0,0,1781051880116,20000,21700,21702,NA,1876,1670,100,100
"021703",100,11,11,50.845,0,0,0,0,1781051880116,20000,21700,21703,NA,1414,1271,100,100
"021801",100,13,13,66.968,0,0,0,0,1781051880116,20000,21800,21801,NA,2368,2114,100,100
"021802",90,9,10,52.191,10,1,0,0,1781051880116,20000,21800,21802,NA,1334,1162,100,100
"021901",98.63,72,73,74.135,1.37,1,0,0,1781051880116,20000,21900,21901,NA,15770,14998,100,100
"021902",100,5,5,57.262,0,0,0,0,1781051880116,20000,21900,21902,NA,619,579,100,100
"021903",100,4,4,59.615,0,0,0,0,1781051880116,20000,21900,21903,NA,527,506,100,100
"021904",75,3,4,47.988,25,1,0,0,1781051880116,20000,21900,21904,NA,477,463,100,100
"021905",87.5,7,8,63.621,12.5,1,0,0,1781051880116,20000,21900,21905,NA,1462,1396,100,100
"022001",100,3,3,52.034,0,0,0,0,1781051880116,20000,22000,22001,NA,243,237,100,100
"022002",100,1,1,56.906,0,0,0,0,1781051880116,20000,22000,22002,NA,103,98,100,100
"022003",100,2,2,57.707,0,0,0,0,1781051880116,20000,22000,22003,NA,307,299,100,100
"022004",100,6,6,67.724,0,0,0,0,1781051880116,20000,22000,22004,NA,961,927,100,100
"022005",100,4,4,54.959,0,0,0,0,1781051880116,20000,22000,22005,NA,532,506,100,100
"022006",100,1,1,47.791,0,0,0,0,1781051880116,20000,22000,22006,NA,119,114,100,100
"022007",100,4,4,61.589,0,0,0,0,1781051880116,20000,22000,22007,NA,566,533,100,100
"022008",100,3,3,34.911,0,0,0,0,1781051880116,20000,22000,22008,NA,236,231,100,100
"022009",100,4,4,62.512,0,0,0,0,1781051880116,20000,22000,22009,NA,642,609,100,100
"022010",100,2,2,57.005,0,0,0,0,1781051880116,20000,22000,22010,NA,236,227,100,100
"030101",98.765,160,162,73.951,1.235,2,0,0,1781052120079,30000,30100,30101,NA,34944,32842,100,100
"030102",100,13,13,65.492,0,0,0,0,1781052120079,30000,30100,30102,NA,2137,2042,100,100
"030103",100,49,49,74.358,0,0,0,0,1781052120079,30000,30100,30103,NA,10480,9697,100,100
"030104",100,5,5,65.653,0,0,0,0,1781052120079,30000,30100,30104,NA,864,838,100,100
"030105",100,13,13,56.489,0,0,0,0,1781052120079,30000,30100,30105,NA,2072,1945,100,100
"030106",100,16,16,65.48,0,0,0,0,1781052120079,30000,30100,30106,NA,2851,2713,100,100
"030107",100,16,16,68.554,0,0,0,0,1781052120079,30000,30100,30107,NA,2858,2685,100,100
"030108",100,10,10,67.179,0,0,0,0,1781052120079,30000,30100,30108,NA,1791,1654,100,100
"030109",100,29,29,79.638,0,0,0,0,1781052120079,30000,30100,30109,NA,6727,6333,100,100
"030201",100,11,11,70.305,0,0,0,0,1781052120079,30000,30200,30201,NA,2074,1971,100,100
"030202",100,3,3,65.951,0,0,0,0,1781052120079,30000,30200,30202,NA,430,408,100,100
"030203",100,4,4,61.62,0,0,0,0,1781052120079,30000,30200,30203,NA,700,671,100,100
"030204",100,3,3,69.309,0,0,0,0,1781052120079,30000,30200,30204,NA,542,517,100,100
"030205",100,13,13,61.761,0,0,0,0,1781052120079,30000,30200,30205,NA,2153,2066,100,100
"030206",100,10,10,58.586,0,0,0,0,1781052120079,30000,30200,30206,NA,1293,1210,100,100
"030207",100,3,3,64.815,0,0,0,0,1781052120079,30000,30200,30207,NA,420,396,100,100
"030208",100,6,6,64.467,0,0,0,0,1781052120079,30000,30200,30208,NA,1094,1016,100,100
"030209",100,5,5,62.623,0,0,0,0,1781052120079,30000,30200,30209,NA,888,849,100,100
"030210",100,4,4,64.974,0,0,0,0,1781052120079,30000,30200,30210,NA,742,704,100,100
"030211",100,3,3,61.898,0,0,0,0,1781052120079,30000,30200,30211,NA,424,398,100,100
"030212",100,9,9,64.844,0,0,0,0,1781052120079,30000,30200,30212,NA,1518,1480,100,100
"030213",100,12,12,63.38,0,0,0,0,1781052120079,30000,30200,30213,NA,1819,1715,100,100
"030214",100,5,5,61.933,0,0,0,0,1781052120079,30000,30200,30214,NA,833,772,100,100
"030215",100,4,4,63.973,0,0,0,0,1781052120079,30000,30200,30215,NA,657,625,100,100
"030216",100,3,3,70.588,0,0,0,0,1781052120079,30000,30200,30216,NA,540,515,100,100
"030217",100,3,3,63.3,0,0,0,0,1781052120079,30000,30200,30217,NA,514,497,100,100
"030301",100,106,106,73.743,0,0,0,0,1781052120079,30000,30300,30301,NA,22342,21079,100,100
"030302",100,23,23,62.457,0,0,0,0,1781052120079,30000,30300,30302,NA,3848,3678,100,100
"030303",100,5,5,63.644,0,0,0,0,1781052120079,30000,30300,30303,NA,765,744,100,100
"030304",100,18,18,71.6,0,0,0,0,1781052120079,30000,30300,30304,NA,3575,3313,100,100
"030305",92.308,12,13,64.539,7.692,1,0,0,1781052120079,30000,30300,30305,NA,2315,2183,100,100
"030306",100,23,23,69.329,0,0,0,0,1781052120079,30000,30300,30306,NA,4392,4213,100,100
"030307",100,15,15,66.15,0,0,0,0,1781052120079,30000,30300,30307,NA,2859,2711,100,100
"030308",100,8,8,57.941,0,0,0,0,1781052120079,30000,30300,30308,NA,1244,1170,100,100
"030309",100,10,10,55.315,0,0,0,0,1781052120079,30000,30300,30309,NA,1530,1465,100,100
"030310",95.238,60,63,72.543,4.762,3,0,0,1781052120079,30000,30300,30310,NA,12716,12003,100,100
"030311",100,58,58,73.108,0,0,0,0,1781052120079,30000,30300,30311,NA,11883,11057,100,100
"030312",100,13,13,69.631,0,0,0,0,1781052120079,30000,30300,30312,NA,2584,2488,100,100
"030313",100,29,29,72.647,0,0,0,0,1781052120079,30000,30300,30313,NA,5944,5624,100,100
"030314",100,3,3,62.85,0,0,0,0,1781052120079,30000,30300,30314,NA,516,492,100,100
"030315",100,28,28,69.632,0,0,0,0,1781052120079,30000,30300,30315,NA,5480,5201,100,100
"030316",100,7,7,49.75,0,0,0,0,1781052120079,30000,30300,30316,NA,894,840,100,100
"030317",100,3,3,55.12,0,0,0,0,1781052120079,30000,30300,30317,NA,436,420,100,100
"030318",85.714,6,7,47.464,14.286,1,0,0,1781052120079,30000,30300,30318,NA,861,806,100,100
"030319",100,8,8,71.572,0,0,0,0,1781052120079,30000,30300,30319,NA,1493,1421,100,100
"030320",100,14,14,81.481,0,0,0,0,1781052120079,30000,30300,30320,NA,3291,3109,100,100
"030401",100,10,10,55.18,0,0,0,0,1781052120079,30000,30400,30401,NA,1454,1352,100,100
"030402",100,2,2,67.474,0,0,0,0,1781052120079,30000,30400,30402,NA,390,379,100,100
"030403",100,6,6,58.149,0,0,0,0,1781052120079,30000,30400,30403,NA,842,807,100,100
"030404",100,7,7,58.681,0,0,0,0,1781052120079,30000,30400,30404,NA,1139,1087,100,100
"030405",100,7,7,58.788,0,0,0,0,1781052120079,30000,30400,30405,NA,1154,1082,100,100
"030406",100,5,5,61.234,0,0,0,0,1781052120079,30000,30400,30406,NA,774,749,100,100
"030407",100,6,6,53.233,0,0,0,0,1781052120079,30000,30400,30407,NA,782,743,100,100
"030501",97.297,36,37,59.607,2.703,1,0,0,1781052120079,30000,30500,30501,NA,5789,5210,100,100
"030502",100,26,26,55.531,0,0,0,0,1781052120079,30000,30500,30502,NA,3710,3450,100,100
"030503",100,15,15,57.652,0,0,0,0,1781052120079,30000,30500,30503,NA,2264,2128,100,100
"030504",100,31,31,56.478,0,0,0,0,1781052120079,30000,30500,30504,NA,4782,4471,100,100
"030505",100,19,19,64.842,0,0,0,0,1781052120079,30000,30500,30505,NA,3364,3145,100,100
"030506",100,40,40,65.247,0,0,0,0,1781052120079,30000,30500,30506,NA,7444,6906,100,100
"030601",100,15,15,60.99,0,0,0,0,1781052120079,30000,30600,30601,NA,2514,2409,100,100
"030602",100,9,9,57.315,0,0,0,0,1781052120079,30000,30600,30602,NA,1238,1175,100,100
"030603",100,5,5,47.136,0,0,0,0,1781052120079,30000,30600,30603,NA,683,638,100,100
"030604",100,3,3,52.688,0,0,0,0,1781052120079,30000,30600,30604,NA,392,372,100,100
"030605",100,12,12,41.697,0,0,0,0,1781052120079,30000,30600,30605,NA,1356,1280,100,100
"030606",100,4,4,60.373,0,0,0,0,1781052120079,30000,30600,30606,NA,550,522,100,100
"030607",100,11,11,59.176,0,0,0,0,1781052120079,30000,30600,30607,NA,1825,1718,100,100
"030608",100,4,4,55.843,0,0,0,0,1781052120079,30000,30600,30608,NA,540,516,100,100
"030609",100,2,2,51.531,0,0,0,0,1781052120079,30000,30600,30609,NA,202,195,100,100
"030610",100,3,3,57.5,0,0,0,0,1781052120079,30000,30600,30610,NA,345,324,100,100
"030611",100,4,4,71.772,0,0,0,0,1781052120079,30000,30600,30611,NA,717,683,100,100
"030612",66.667,2,3,38.186,33.333,1,0,0,1781052120079,30000,30600,30612,NA,299,287,100,100
"030613",100,3,3,62.66,0,0,0,0,1781052120079,30000,30600,30613,NA,391,373,100,100
"030614",100,5,5,54.091,0,0,0,0,1781052120079,30000,30600,30614,NA,681,638,100,100
"030701",100,18,18,68.728,0,0,0,0,1781052120079,30000,30700,30701,NA,3279,3093,100,100
"030702",100,8,8,57.73,0,0,0,0,1781052120079,30000,30700,30702,NA,1348,1262,100,100
"030703",100,23,23,62.303,0,0,0,0,1781052120079,30000,30700,30703,NA,3826,3617,100,100
"030704",100,7,7,65.549,0,0,0,0,1781052120079,30000,30700,30704,NA,1212,1152,100,100
"030705",100,35,35,70.978,0,0,0,0,1781052120079,30000,30700,30705,NA,6547,6232,100,100
"030706",100,18,18,61.935,0,0,0,0,1781052120079,30000,30700,30706,NA,3054,2858,100,100
"030707",90,9,10,59.96,10,1,0,0,1781052120079,30000,30700,30707,NA,1496,1424,100,100
"030708",100,12,12,67.109,0,0,0,0,1781052120079,30000,30700,30708,NA,2175,2003,100,100
"030709",100,9,9,68.937,0,0,0,0,1781052120079,30000,30700,30709,NA,1771,1694,100,100
"030710",100,6,6,64.654,0,0,0,0,1781052120079,30000,30700,30710,NA,953,901,100,100
"030711",100,5,5,61.85,0,0,0,0,1781052120079,30000,30700,30711,NA,809,776,100,100
"030712",100,4,4,70.233,0,0,0,0,1781052120079,30000,30700,30712,NA,755,730,100,100
"040101",100,244,244,78.148,0,0,0,0,1781052120079,40000,40100,40101,NA,56148,52230,100,100
"040102",98.909,272,275,80.889,1.091,3,0,0,1781052120079,40000,40100,40102,NA,65787,61752,100,100
"040103",99.605,504,506,81.397,0.395,2,0,0,1781052120079,40000,40100,40103,NA,121802,114247,100,100
"040104",97.143,34,35,81.268,2.857,1,0,0,1781052120079,40000,40100,40104,NA,8356,7760,100,100
"040105",100,14,14,84.053,0,0,0,0,1781052120079,40000,40100,40105,NA,3463,3274,100,100
"040106",98.98,97,98,81.686,1.02,1,0,0,1781052120079,40000,40100,40106,NA,23256,21861,100,100
"040107",100,176,176,82.107,0,0,0,0,1781052120079,40000,40100,40107,NA,42983,40139,100,100
"040108",100,13,13,84.864,0,0,0,0,1781052120079,40000,40100,40108,NA,3179,3014,100,100
"040109",100,389,389,83.016,0,0,0,0,1781052120079,40000,40100,40109,NA,95587,89342,100,100
"040110",100,4,4,81.132,0,0,0,0,1781052120079,40000,40100,40110,NA,774,744,100,100
"040111",100,5,5,83.078,0,0,0,0,1781052120079,40000,40100,40111,NA,1085,1046,100,100
"040112",100,10,10,85.259,0,0,0,0,1781052120079,40000,40100,40112,NA,2487,2357,100,100
"040113",100,16,16,83.456,0,0,0,0,1781052120079,40000,40100,40113,NA,3854,3557,100,100
"040114",100,91,91,82.436,0,0,0,0,1781052120079,40000,40100,40114,NA,22186,20829,100,100
"040115",100,4,4,75.816,0,0,0,0,1781052120079,40000,40100,40115,NA,790,751,100,100
"040116",100,7,7,76.631,0,0,0,0,1781052120079,40000,40100,40116,NA,1374,1318,100,100
"040117",100,4,4,75.388,0,0,0,0,1781052120079,40000,40100,40117,NA,680,647,100,100
"040118",100,22,22,81.834,0,0,0,0,1781052120079,40000,40100,40118,NA,5338,5042,100,100
"040119",100,189,189,82.92,0,0,0,0,1781052120079,40000,40100,40119,NA,46319,43159,100,100
"040120",100,57,57,82.19,0,0,0,0,1781052120079,40000,40100,40120,NA,13678,12910,100,100
"040121",100,58,58,83.144,0,0,0,0,1781052120079,40000,40100,40121,NA,13969,13156,100,100
"040122",100,11,11,79.729,0,0,0,0,1781052120079,40000,40100,40122,NA,2297,2204,100,100
"040123",98.058,101,103,77.614,1.942,2,0,0,1781052120079,40000,40100,40123,NA,23417,21994,100,100
"040124",100,18,18,85.113,0,0,0,0,1781052120079,40000,40100,40124,NA,4305,4085,100,100
"040125",100,96,96,82.491,0,0,0,0,1781052120079,40000,40100,40125,NA,23312,22025,100,100
"040126",100,180,180,82.802,0,0,0,0,1781052120079,40000,40100,40126,NA,44093,41111,100,100
"040127",99.301,142,143,82.833,0.699,1,0,0,1781052120079,40000,40100,40127,NA,34906,32558,100,100
"040128",99.167,238,240,81.806,0.833,2,0,0,1781052120079,40000,40100,40128,NA,57959,54127,100,100
"040129",100,222,222,81.577,0,0,0,0,1781052120079,40000,40100,40129,NA,53472,49658,100,100
"040201",100,17,17,74.422,0,0,0,0,1781052120079,40000,40200,40201,NA,3538,3324,100,100
"040202",100,4,4,66.601,0,0,0,0,1781052120079,40000,40200,40202,NA,674,649,100,100
"040203",100,8,8,62.632,0,0,0,0,1781052120079,40000,40200,40203,NA,1247,1171,100,100
"040204",100,13,13,56.553,0,0,0,0,1781052120079,40000,40200,40204,NA,1959,1844,100,100
"040205",100,6,6,70.241,0,0,0,0,1781052120079,40000,40200,40205,NA,1225,1181,100,100
"040206",100,5,5,73.339,0,0,0,0,1781052120079,40000,40200,40206,NA,806,776,100,100
"040207",100,3,3,59.045,0,0,0,0,1781052120079,40000,40200,40207,NA,470,449,100,100
"040208",100,6,6,70.225,0,0,0,0,1781052120079,40000,40200,40208,NA,1092,1030,100,100
"040209",100,3,3,70.947,0,0,0,0,1781052120079,40000,40200,40209,NA,547,522,100,100
"040210",100,4,4,65.415,0,0,0,0,1781052120079,40000,40200,40210,NA,662,618,100,100
"040211",100,6,6,55.381,0,0,0,0,1781052120079,40000,40200,40211,NA,916,876,100,100
"040212",100,3,3,64.679,0,0,0,0,1781052120079,40000,40200,40212,NA,564,543,100,100
"040213",100,3,3,64.629,0,0,0,0,1781052120079,40000,40200,40213,NA,497,478,100,100
"040214",100,4,4,78.649,0,0,0,0,1781052120079,40000,40200,40214,NA,722,681,100,100
"040215",100,3,3,67.835,0,0,0,0,1781052120079,40000,40200,40215,NA,542,515,100,100
"040216",100,4,4,45.737,0,0,0,0,1781052120079,40000,40200,40216,NA,456,429,100,100
"040217",100,6,6,60,0,0,0,0,1781052120079,40000,40200,40217,NA,843,790,100,100
"040218",100,3,3,69.789,0,0,0,0,1781052120079,40000,40200,40218,NA,529,499,100,100
"040219",100,8,8,71.939,0,0,0,0,1781052120079,40000,40200,40219,NA,1551,1467,100,100
"040220",100,190,190,79.699,0,0,0,0,1781052120079,40000,40200,40220,NA,44644,42426,100,100
"040301",100,45,45,74.369,0,0,0,0,1781052120079,40000,40300,40301,NA,9723,9191,100,100
"040302",100,14,14,76.914,0,0,0,0,1781052120079,40000,40300,40302,NA,3175,3032,100,100
"040303",100,16,16,72.349,0,0,0,0,1781052120079,40000,40300,40303,NA,3391,3294,100,100
"040304",95.238,20,21,72.631,4.762,1,0,0,1781052120079,40000,40300,40304,NA,4408,4198,100,100
"040305",95.455,21,22,72.237,4.545,1,0,0,1781052120079,40000,40300,40305,NA,4504,4229,100,100
"040306",100,13,13,70.68,0,0,0,0,1781052120079,40000,40300,40306,NA,2548,2408,100,100
"040307",100,4,4,74.826,0,0,0,0,1781052120079,40000,40300,40307,NA,862,829,100,100
"040308",95.745,45,47,74.199,4.255,2,0,0,1781052120079,40000,40300,40308,NA,10169,9553,100,100
"040401",100,13,13,69.484,0,0,0,0,1781052120079,40000,40400,40401,NA,2532,2431,100,100
"040402",91.667,11,12,61.848,8.333,1,0,0,1781052120079,40000,40400,40402,NA,2075,1985,100,100
"040403",100,15,15,70.021,0,0,0,0,1781052120079,40000,40400,40403,NA,2971,2843,100,100
"040404",100,2,2,70.709,0,0,0,0,1781052120079,40000,40400,40404,NA,379,370,100,100
"040405",100,10,10,74.906,0,0,0,0,1781052120079,40000,40400,40405,NA,1985,1904,100,100
"040406",100,3,3,60.163,0,0,0,0,1781052120079,40000,40400,40406,NA,370,348,100,100
"040407",100,23,23,73.585,0,0,0,0,1781052120079,40000,40400,40407,NA,4861,4543,100,100
"040408",100,9,9,71.314,0,0,0,0,1781052120079,40000,40400,40408,NA,1780,1709,100,100
"040409",100,7,7,72.53,0,0,0,0,1781052120079,40000,40400,40409,NA,1373,1345,100,100
"040410",100,5,5,71.622,0,0,0,0,1781052120079,40000,40400,40410,NA,901,866,100,100
"040411",100,5,5,69.482,0,0,0,0,1781052120079,40000,40400,40411,NA,872,832,100,100
"040412",100,6,6,69.363,0,0,0,0,1781052120079,40000,40400,40412,NA,1046,985,100,100
"040413",100,6,6,74.449,0,0,0,0,1781052120079,40000,40400,40413,NA,1183,1159,100,100
"040501",100,28,28,74.383,0,0,0,0,1781052120079,40000,40500,40501,NA,5758,5436,100,100
"040502",100,4,4,59.714,0,0,0,0,1781052120079,40000,40500,40502,NA,584,555,100,100
"040503",100,2,2,48.421,0,0,0,0,1781052120079,40000,40500,40503,NA,230,221,100,100
"040504",100,7,7,42.491,0,0,0,0,1781052120079,40000,40500,40504,NA,696,654,100,100
"040505",100,4,4,65.359,0,0,0,0,1781052120079,40000,40500,40505,NA,683,648,100,100
"040506",100,6,6,41.224,0,0,0,0,1781052120079,40000,40500,40506,NA,411,388,100,100
"040507",100,7,7,70.613,0,0,0,0,1781052120079,40000,40500,40507,NA,1336,1269,100,100
"040508",100,3,3,58.07,0,0,0,0,1781052120079,40000,40500,40508,NA,367,356,100,100
"040509",100,12,12,60.93,0,0,0,0,1781052120079,40000,40500,40509,NA,2057,1920,100,100
"040510",100,6,6,58.032,0,0,0,0,1781052120079,40000,40500,40510,NA,1026,963,100,100
"040511",100,2,2,64.882,0,0,0,0,1781052120079,40000,40500,40511,NA,303,285,100,100
"040512",100,20,20,74.45,0,0,0,0,1781052120079,40000,40500,40512,NA,4301,4081,100,100
"040513",100,1,1,52.595,0,0,0,0,1781052120079,40000,40500,40513,NA,152,145,100,100
"040514",100,4,4,58.912,0,0,0,0,1781052120079,40000,40500,40514,NA,628,599,100,100
"040601",100,10,10,65.241,0,0,0,0,1781052120079,40000,40600,40601,NA,1785,1637,100,100
"040602",100,2,2,57.411,0,0,0,0,1781052120079,40000,40600,40602,NA,337,327,100,100
"040603",100,9,9,40.973,0,0,0,0,1781052120079,40000,40600,40603,NA,1044,977,100,100
"040604",100,3,3,45.406,0,0,0,0,1781052120079,40000,40600,40604,NA,341,333,100,100
"040605",66.667,2,3,39.742,33.333,1,0,0,1781052120079,40000,40600,40605,NA,277,268,100,100
"040606",100,3,3,44.016,0,0,0,0,1781052120079,40000,40600,40606,NA,331,314,100,100
"040607",100,16,16,64.181,0,0,0,0,1781052120079,40000,40600,40607,NA,2806,2707,100,100
"040608",100,9,9,70.591,0,0,0,0,1781052120079,40000,40600,40608,NA,1625,1580,100,100
"040701",100,76,76,77.666,0,0,0,0,1781052120079,40000,40700,40701,NA,17227,16184,100,100
"040702",97.143,34,35,73.53,2.857,1,0,0,1781052120079,40000,40700,40702,NA,7539,7115,100,100
"040703",90.909,20,22,73.257,9.091,2,0,0,1781052120079,40000,40700,40703,NA,4624,4451,100,100
"040704",87.5,14,16,69.2,12.5,2,0,0,1781052120079,40000,40700,40704,NA,3141,2963,100,100
"040705",83.333,5,6,65.41,16.667,1,0,0,1781052120079,40000,40700,40705,NA,972,930,100,100
"040706",95.652,22,23,72.266,4.348,1,0,0,1781052120079,40000,40700,40706,NA,4797,4599,100,100
"040801",100,7,7,60.089,0,0,0,0,1781052120079,40000,40800,40801,NA,1218,1116,100,100
"040802",83.333,5,6,44.219,16.667,1,0,0,1781052120079,40000,40800,40802,NA,719,644,100,100
"040803",100,2,2,55.877,0,0,0,0,1781052120079,40000,40800,40803,NA,309,294,100,100
"040804",100,7,7,52.139,0,0,0,0,1781052120079,40000,40800,40804,NA,975,886,100,100
"040805",100,7,7,47.118,0,0,0,0,1781052120079,40000,40800,40805,NA,654,620,100,100
"040806",100,9,9,42.556,0,0,0,0,1781052120079,40000,40800,40806,NA,929,811,100,100
"040807",100,2,2,58.607,0,0,0,0,1781052120079,40000,40800,40807,NA,303,297,100,100
"040808",100,2,2,46.547,0,0,0,0,1781052120079,40000,40800,40808,NA,155,151,100,100
"040809",100,2,2,61.994,0,0,0,0,1781052120079,40000,40800,40809,NA,199,188,100,100
"040810",100,2,2,58.685,0,0,0,0,1781052120079,40000,40800,40810,NA,348,319,100,100
"040811",100,3,3,44.571,0,0,0,0,1781052120079,40000,40800,40811,NA,275,262,100,100
"050101",98.008,246,251,73.148,1.992,5,0,0,1781052120079,50000,50100,50101,NA,54078,51270,100,100
"050102",100,16,16,73.191,0,0,0,0,1781052120079,50000,50100,50102,NA,3227,3037,100,100
"050103",100,71,71,78.798,0,0,0,0,1781052120079,50000,50100,50103,NA,16338,15580,100,100
"050104",95.455,21,22,73.882,4.545,1,0,0,1781052120079,50000,50100,50104,NA,4212,4016,100,100
"050105",100,19,19,74.348,0,0,0,0,1781052120079,50000,50100,50105,NA,3988,3745,100,100
"050106",100,8,8,65.851,0,0,0,0,1781052120079,50000,50100,50106,NA,1481,1410,100,100
"050107",96.774,120,124,74.069,3.226,4,0,0,1781052120079,50000,50100,50107,NA,26850,25559,100,100
"050108",85.714,6,7,50.932,14.286,1,0,0,1781052120079,50000,50100,50108,NA,874,815,100,100
"050109",100,54,54,69.664,0,0,0,0,1781052120079,50000,50100,50109,NA,10584,9944,100,100
"050110",100,21,21,77.746,0,0,0,0,1781052120079,50000,50100,50110,NA,4692,4441,100,100
"050111",100,30,30,70.758,0,0,0,0,1781052120079,50000,50100,50111,NA,5667,5389,100,100
"050112",100,27,27,75.067,0,0,0,0,1781052120079,50000,50100,50112,NA,5612,5317,100,100
"050113",100,22,22,64.268,0,0,0,0,1781052120079,50000,50100,50113,NA,3448,3242,100,100
"050114",100,10,10,80.43,0,0,0,0,1781052120079,50000,50100,50114,NA,2322,2172,100,100
"050115",100,51,51,77.001,0,0,0,0,1781052120079,50000,50100,50115,NA,11467,11003,100,100
"050116",100,54,54,78.805,0,0,0,0,1781052120079,50000,50100,50116,NA,12396,11727,100,100
"050201",100,18,18,62.096,0,0,0,0,1781052120079,50000,50200,50201,NA,3129,2922,100,100
"050204",100,26,26,61.626,0,0,0,0,1781052120079,50000,50200,50204,NA,3912,3694,100,100
"050206",100,28,28,73.525,0,0,0,0,1781052120079,50000,50200,50206,NA,5496,5158,100,100
"050207",100,19,19,46.253,0,0,0,0,1781052120079,50000,50200,50207,NA,2321,2187,100,100
"050208",100,14,14,50.975,0,0,0,0,1781052120079,50000,50200,50208,NA,1803,1689,100,100
"050211",100,7,7,60.768,0,0,0,0,1781052120079,50000,50200,50211,NA,1219,1134,100,100
"050301",100,107,107,66.842,0,0,0,0,1781052120079,50000,50300,50301,NA,20985,19734,100,100
"050302",100,7,7,45.744,0,0,0,0,1781052120079,50000,50300,50302,NA,876,831,100,100
"050303",100,15,15,71.936,0,0,0,0,1781052120079,50000,50300,50303,NA,3058,2909,100,100
"050304",100,12,12,70.699,0,0,0,0,1781052120079,50000,50300,50304,NA,2408,2282,100,100
"050305",100,23,23,66.595,0,0,0,0,1781052120079,50000,50300,50305,NA,4322,4079,100,100
"050307",100,14,14,50.811,0,0,0,0,1781052120079,50000,50300,50307,NA,1816,1704,100,100
"050308",96.875,31,32,56.614,3.125,1,0,0,1781052120079,50000,50300,50308,NA,4806,4607,100,100
"050309",96.296,26,27,52.469,3.704,1,0,0,1781052120079,50000,50300,50309,NA,4038,3868,100,100
"050310",100,11,11,61.967,0,0,0,0,1781052120079,50000,50300,50310,NA,1815,1754,100,100
"050311",100,14,14,58.012,0,0,0,0,1781052120079,50000,50300,50311,NA,1792,1717,100,100
"050312",100,8,8,43.289,0,0,0,0,1781052120079,50000,50300,50312,NA,987,924,100,100
"050313",100,8,8,63.305,0,0,0,0,1781052120079,50000,50300,50313,NA,1318,1250,100,100
"050314",100,3,3,38.567,0,0,0,0,1781052120079,50000,50300,50314,NA,226,210,100,100
"050401",100,26,26,58.106,0,0,0,0,1781052120079,50000,50400,50401,NA,4308,3996,100,100
"050402",100,25,25,45.341,0,0,0,0,1781052120079,50000,50400,50402,NA,2827,2685,100,100
"050403",95.652,22,23,61.886,4.348,1,0,0,1781052120079,50000,50400,50403,NA,4108,3915,100,100
"050404",100,7,7,55.933,0,0,0,0,1781052120079,50000,50400,50404,NA,971,913,100,100
"050405",100,16,16,46.914,0,0,0,0,1781052120079,50000,50400,50405,NA,1771,1679,100,100
"050406",100,32,32,63.439,0,0,0,0,1781052120079,50000,50400,50406,NA,5884,5510,100,100
"050407",100,5,5,64.577,0,0,0,0,1781052120079,50000,50400,50407,NA,824,781,100,100
"050408",100,32,32,63.649,0,0,0,0,1781052120079,50000,50400,50408,NA,5829,5588,100,100
"050409",100,22,22,58.85,0,0,0,0,1781052120079,50000,50400,50409,NA,3581,3376,100,100
"050410",100,12,12,65.367,0,0,0,0,1781052120079,50000,50400,50410,NA,2095,1999,100,100
"050411",100,5,5,35.634,0,0,0,0,1781052120079,50000,50400,50411,NA,382,359,100,100
"050412",100,7,7,69.553,0,0,0,0,1781052120079,50000,50400,50412,NA,1261,1202,100,100
"050413",100,5,5,72.5,0,0,0,0,1781052120079,50000,50400,50413,NA,986,925,100,100
"050414",100,6,6,76.074,0,0,0,0,1781052120079,50000,50400,50414,NA,1186,1124,100,100
"050415",100,5,5,71.522,0,0,0,0,1781052120079,50000,50400,50415,NA,879,817,100,100
"050501",100,36,36,66.812,0,0,0,0,1781052120079,50000,50500,50501,NA,6750,6456,100,100
"050502",100,11,11,43.582,0,0,0,0,1781052120079,50000,50500,50502,NA,988,920,100,100
"050503",100,4,4,61.491,0,0,0,0,1781052120079,50000,50500,50503,NA,602,573,100,100
"050504",100,4,4,53.632,0,0,0,0,1781052120079,50000,50500,50504,NA,598,578,100,100
"050506",100,7,7,57.909,0,0,0,0,1781052120079,50000,50500,50506,NA,1058,986,100,100
"050508",100,9,9,54.917,0,0,0,0,1781052120079,50000,50500,50508,NA,1262,1163,100,100
"050510",100,7,7,61.035,0,0,0,0,1781052120079,50000,50500,50510,NA,1156,1119,100,100
"050511",100,5,5,56.898,0,0,0,0,1781052120079,50000,50500,50511,NA,730,676,100,100
"050512",80,4,5,52.935,20,1,0,0,1781052120079,50000,50500,50512,NA,523,499,100,100
"050513",100,8,8,68.269,0,0,0,0,1781052120079,50000,50500,50513,NA,1491,1389,100,100
"050514",100,4,4,66.814,0,0,0,0,1781052120079,50000,50500,50514,NA,757,730,100,100
"050516",100,8,8,57.576,0,0,0,0,1781052120079,50000,50500,50516,NA,1216,1144,100,100
"050517",100,5,5,55.425,0,0,0,0,1781052120079,50000,50500,50517,NA,756,718,100,100
"050520",100,12,12,51.011,0,0,0,0,1781052120079,50000,50500,50520,NA,1488,1415,100,100
"050521",100,3,3,61.268,0,0,0,0,1781052120079,50000,50500,50521,NA,435,420,100,100
"050522",100,10,10,55.723,0,0,0,0,1781052120079,50000,50500,50522,NA,1441,1335,100,100
"050524",100,2,2,59.1,0,0,0,0,1781052120079,50000,50500,50524,NA,289,268,100,100
"050525",100,5,5,55.803,0,0,0,0,1781052120079,50000,50500,50525,NA,476,450,100,100
"050529",100,2,2,64.857,0,0,0,0,1781052120079,50000,50500,50529,NA,227,219,100,100
"050531",100,5,5,52.251,0,0,0,0,1781052120079,50000,50500,50531,NA,557,505,100,100
"050532",100,6,6,57.133,0,0,0,0,1781052120079,50000,50500,50532,NA,865,821,100,100
"050601",100,31,31,64.753,0,0,0,0,1781052120079,50000,50600,50601,NA,5651,5363,100,100
"050604",100,4,4,39.513,0,0,0,0,1781052120079,50000,50600,50604,NA,373,347,100,100
"050605",100,7,7,61.934,0,0,0,0,1781052120079,50000,50600,50605,NA,1204,1157,100,100
"050608",100,3,3,42.769,0,0,0,0,1781052120079,50000,50600,50608,NA,346,325,100,100
"050611",100,14,14,48.226,0,0,0,0,1781052120079,50000,50600,50611,NA,1889,1828,100,100
"050612",100,7,7,63.25,0,0,0,0,1781052120079,50000,50600,50612,NA,1117,1024,100,100
"050615",100,4,4,35.326,0,0,0,0,1781052120079,50000,50600,50615,NA,325,314,100,100
"050616",100,7,7,44.488,0,0,0,0,1781052120079,50000,50600,50616,NA,569,536,100,100
"050701",100,6,6,63.609,0,0,0,0,1781052120079,50000,50700,50701,NA,1061,1006,100,100
"050702",100,7,7,55.948,0,0,0,0,1781052120079,50000,50700,50702,NA,997,946,100,100
"050703",100,3,3,43.17,0,0,0,0,1781052120079,50000,50700,50703,NA,335,314,100,100
"050704",100,10,10,52.899,0,0,0,0,1781052120079,50000,50700,50704,NA,1314,1240,100,100
"050706",100,5,5,51.064,0,0,0,0,1781052120079,50000,50700,50706,NA,672,630,100,100
"050707",100,6,6,53.867,0,0,0,0,1781052120079,50000,50700,50707,NA,808,773,100,100
"050708",100,8,8,54.007,0,0,0,0,1781052120079,50000,50700,50708,NA,1058,1002,100,100
"050709",100,4,4,56.395,0,0,0,0,1781052120079,50000,50700,50709,NA,582,557,100,100
"050710",100,8,8,41.39,0,0,0,0,1781052120079,50000,50700,50710,NA,923,873,100,100
"050713",100,10,10,51.078,0,0,0,0,1781052120079,50000,50700,50713,NA,1327,1274,100,100
"050714",100,11,11,46.993,0,0,0,0,1781052120079,50000,50700,50714,NA,1227,1159,100,100
"050715",100,2,2,35.744,0,0,0,0,1781052120079,50000,50700,50715,NA,173,157,100,100
"050801",100,10,10,65.782,0,0,0,0,1781052120079,50000,50800,50801,NA,1809,1755,100,100
"050802",100,6,6,54.978,0,0,0,0,1781052120079,50000,50800,50802,NA,751,709,100,100
"050803",100,9,9,48.779,0,0,0,0,1781052120079,50000,50800,50803,NA,1099,1041,100,100
"050804",100,9,9,51.212,0,0,0,0,1781052120079,50000,50800,50804,NA,1056,994,100,100
"050901",100,22,22,63.947,0,0,0,0,1781052120079,50000,50900,50901,NA,3817,3514,100,100
"050902",100,15,15,63.408,0,0,0,0,1781052120079,50000,50900,50902,NA,2452,2297,100,100
"050903",100,5,5,50.635,0,0,0,0,1781052120079,50000,50900,50903,NA,678,655,100,100
"050904",100,4,4,54.802,0,0,0,0,1781052120079,50000,50900,50904,NA,525,477,100,100
"050905",100,9,9,48.185,0,0,0,0,1781052120079,50000,50900,50905,NA,1128,1059,100,100
"050906",100,7,7,54.997,0,0,0,0,1781052120079,50000,50900,50906,NA,941,872,100,100
"050907",100,5,5,52.205,0,0,0,0,1781052120079,50000,50900,50907,NA,651,601,100,100
"050908",100,5,5,43.293,0,0,0,0,1781052120079,50000,50900,50908,NA,539,495,100,100
"051001",100,8,8,68.279,0,0,0,0,1781052120079,50000,51000,51001,NA,1468,1388,100,100
"051002",100,3,3,59.28,0,0,0,0,1781052120079,50000,51000,51002,NA,428,412,100,100
"051003",100,2,2,50.777,0,0,0,0,1781052120079,50000,51000,51003,NA,196,189,100,100
"051004",100,7,7,68.251,0,0,0,0,1781052120079,50000,51000,51004,NA,1077,1036,100,100
"051005",100,2,2,64.3,0,0,0,0,1781052120079,50000,51000,51005,NA,317,297,100,100
"051006",100,4,4,49.06,0,0,0,0,1781052120079,50000,51000,51006,NA,496,476,100,100
"051007",100,2,2,57.512,0,0,0,0,1781052120079,50000,51000,51007,NA,245,227,100,100
"051008",100,3,3,46.333,0,0,0,0,1781052120079,50000,51000,51008,NA,278,267,100,100
"051009",100,1,1,58.721,0,0,0,0,1781052120079,50000,51000,51009,NA,101,100,100,100
"051010",100,2,2,60.986,0,0,0,0,1781052120079,50000,51000,51010,NA,297,286,100,100
"051101",100,8,8,55.669,0,0,0,0,1781052120079,50000,51100,51101,NA,1198,1133,100,100
"051102",100,1,1,47.368,0,0,0,0,1781052120079,50000,51100,51102,NA,117,111,100,100
"051103",100,2,2,48.394,0,0,0,0,1781052120079,50000,51100,51103,NA,241,231,100,100
"051104",100,4,4,51.329,0,0,0,0,1781052120079,50000,51100,51104,NA,560,525,100,100
"051105",100,3,3,56.792,0,0,0,0,1781052120079,50000,51100,51105,NA,347,329,100,100
"051106",100,3,3,50.405,0,0,0,0,1781052120079,50000,51100,51106,NA,311,297,100,100
"051107",100,3,3,57.179,0,0,0,0,1781052120079,50000,51100,51107,NA,450,430,100,100
"051108",100,3,3,60.294,0,0,0,0,1781052120079,50000,51100,51108,NA,492,464,100,100
"051109",100,2,2,56.218,0,0,0,0,1781052120079,50000,51100,51109,NA,217,200,100,100
"051110",100,3,3,65.34,0,0,0,0,1781052120079,50000,51100,51110,NA,394,378,100,100
"051111",100,5,5,52.622,0,0,0,0,1781052120079,50000,51100,51111,NA,602,568,100,100
"060101",99.157,588,593,78.619,0.843,5,0,0,1781052120079,60000,60100,60101,NA,137093,126145,100,100
"060102",96.296,26,27,53.917,3.704,1,0,0,1781052120079,60000,60100,60102,NA,4054,3644,100,100
"060103",95.455,21,22,49.265,4.545,1,0,0,1781052120079,60000,60100,60103,NA,2951,2674,100,100
"060104",100,13,13,60.84,0,0,0,0,1781052120079,60000,60100,60104,NA,2144,1932,100,100
"060105",97.849,91,93,71.04,2.151,2,0,0,1781052120079,60000,60100,60105,NA,18942,17618,100,100
"060106",100,45,45,68.39,0,0,0,0,1781052120079,60000,60100,60106,NA,8953,7974,100,100
"060107",97.479,116,119,79.437,2.521,3,0,0,1781052120079,60000,60100,60107,NA,27586,25372,100,100
"060108",100,17,17,83.182,0,0,0,0,1781052120079,60000,60100,60108,NA,4031,3735,100,100
"060109",96.774,30,31,64.967,3.226,1,0,0,1781052120079,60000,60100,60109,NA,5619,5152,100,100
"060110",100,13,13,72.817,0,0,0,0,1781052120079,60000,60100,60110,NA,2735,2480,100,100
"060111",100,31,31,73.232,0,0,0,0,1781052120079,60000,60100,60111,NA,6555,6030,100,100
"060112",100,17,17,71.441,0,0,0,0,1781052120079,60000,60100,60112,NA,3342,3044,100,100
"060201",100,97,97,71.2,0,0,0,0,1781052120079,60000,60200,60201,NA,20460,18254,100,100
"060202",96.825,61,63,43.977,3.175,2,0,0,1781052120079,60000,60200,60202,NA,7842,7111,100,100
"060203",100,36,36,63.767,0,0,0,0,1781052120079,60000,60200,60203,NA,6510,5938,100,100
"060205",100,24,24,45.355,0,0,0,0,1781052120079,60000,60200,60205,NA,2890,2630,100,100
"060301",100,71,71,67.435,0,0,0,0,1781052120079,60000,60300,60301,NA,13725,12574,100,100
"060302",100,25,25,41.304,0,0,0,0,1781052120079,60000,60300,60302,NA,2546,2407,100,100
"060303",100,10,10,42.416,0,0,0,0,1781052120079,60000,60300,60303,NA,1113,1029,100,100
"060304",100,40,40,48.724,0,0,0,0,1781052120079,60000,60300,60304,NA,5060,4767,100,100
"060305",100,3,3,59.459,0,0,0,0,1781052120079,60000,60300,60305,NA,506,488,100,100
"060306",100,9,9,69.1,0,0,0,0,1781052120079,60000,60300,60306,NA,1789,1635,100,100
"060307",100,15,15,42.425,0,0,0,0,1781052120079,60000,60300,60307,NA,1627,1548,100,100
"060308",100,19,19,50.133,0,0,0,0,1781052120079,60000,60300,60308,NA,2634,2457,100,100
"060309",90.909,30,33,50.997,9.091,3,0,0,1781052120079,60000,60300,60309,NA,4348,4101,100,100
"060310",94.118,16,17,56.906,5.882,1,0,0,1781052120079,60000,60300,60310,NA,2608,2415,100,100
"060311",100,6,6,53.693,0,0,0,0,1781052120079,60000,60300,60311,NA,756,732,100,100
"060312",95.455,21,22,50.158,4.545,1,0,0,1781052120079,60000,60300,60312,NA,3023,2856,100,100
"060401",100,20,20,63.089,0,0,0,0,1781052480265,60000,60400,60401,NA,3586,3297,100,100
"060403",100,9,9,71.318,0,0,0,0,1781052480265,60000,60400,60403,NA,1840,1734,100,100
"060404",100,8,8,61.51,0,0,0,0,1781052480265,60000,60400,60404,NA,1320,1221,100,100
"060405",100,10,10,70.382,0,0,0,0,1781052480265,60000,60400,60405,NA,1806,1708,100,100
"060406",100,5,5,59.262,0,0,0,0,1781052480265,60000,60400,60406,NA,787,755,100,100
"060407",100,8,8,59.087,0,0,0,0,1781052480265,60000,60400,60407,NA,1294,1236,100,100
"060408",100,18,18,71.956,0,0,0,0,1781052480265,60000,60400,60408,NA,3700,3456,100,100
"060409",100,4,4,60.232,0,0,0,0,1781052480265,60000,60400,60409,NA,624,598,100,100
"060501",100,148,148,69.787,0,0,0,0,1781052480265,60000,60500,60501,NA,30404,27889,100,100
"060502",100,28,28,49.191,0,0,0,0,1781052480265,60000,60500,60502,NA,3799,3518,100,100
"060503",100,8,8,52.249,0,0,0,0,1781052480265,60000,60500,60503,NA,1115,1061,100,100
"060504",100,13,13,49.823,0,0,0,0,1781052480265,60000,60500,60504,NA,1687,1634,100,100
"060505",100,12,12,57.29,0,0,0,0,1781052480265,60000,60500,60505,NA,1886,1755,100,100
"060506",100,17,17,49.218,0,0,0,0,1781052480265,60000,60500,60506,NA,2330,2255,100,100
"060507",100,42,42,40.382,0,0,0,0,1781052480265,60000,60500,60507,NA,4627,4417,100,100
"060508",100,14,14,56.993,0,0,0,0,1781052480265,60000,60500,60508,NA,2286,2190,100,100
"060509",100,7,7,58.473,0,0,0,0,1781052480265,60000,60500,60509,NA,1118,1054,100,100
"060510",100,10,10,59.978,0,0,0,0,1781052480265,60000,60500,60510,NA,1602,1521,100,100
"060511",100,10,10,48.391,0,0,0,0,1781052480265,60000,60500,60511,NA,1338,1250,100,100
"060512",100,16,16,57.548,0,0,0,0,1781052480265,60000,60500,60512,NA,2661,2501,100,100
"060513",100,23,23,59.251,0,0,0,0,1781052480265,60000,60500,60513,NA,3798,3572,100,100
"060514",100,29,29,59.936,0,0,0,0,1781052480265,60000,60500,60514,NA,4865,4571,100,100
"060515",100,4,4,58.172,0,0,0,0,1781052480265,60000,60500,60515,NA,662,625,100,100
"060601",100,145,145,71.181,0,0,0,0,1781052120079,60000,60600,60601,NA,29997,27809,100,100
"060602",100,11,11,51.363,0,0,0,0,1781052120079,60000,60600,60602,NA,1601,1508,100,100
"060603",100,17,17,59.716,0,0,0,0,1781052120079,60000,60600,60603,NA,2901,2675,100,100
"060604",100,18,18,64.15,0,0,0,0,1781052120079,60000,60600,60604,NA,3178,2951,100,100
"060605",84.615,11,13,50.326,15.385,2,0,0,1781052120079,60000,60600,60605,NA,1778,1684,100,100
"060606",100,13,13,61.536,0,0,0,0,1781052120079,60000,60600,60606,NA,2259,2130,100,100
"060607",100,7,7,45.611,0,0,0,0,1781052120079,60000,60600,60607,NA,925,870,100,100
"060608",100,24,24,56.127,0,0,0,0,1781052120079,60000,60600,60608,NA,3893,3544,100,100
"060609",100,39,39,63.562,0,0,0,0,1781052120079,60000,60600,60609,NA,7192,6702,100,100
"060610",100,19,19,66.197,0,0,0,0,1781052120079,60000,60600,60610,NA,3523,3291,100,100
"060611",100,14,14,38.77,0,0,0,0,1781052360243,60000,60600,60611,NA,1336,1255,100,100
"060612",100,16,16,60.526,0,0,0,0,1781052360243,60000,60600,60612,NA,2671,2511,100,100
"060613",100,5,5,54.407,0,0,0,0,1781052360243,60000,60600,60613,NA,642,599,100,100
"060614",96.667,29,30,46.736,3.333,1,0,0,1781052360243,60000,60600,60614,NA,3873,3710,100,100
"060615",100,45,45,57.887,0,0,0,0,1781052480265,60000,60600,60615,NA,7670,7207,100,100
"060616",100,4,4,55.266,0,0,0,0,1781052480265,60000,60600,60616,NA,614,596,100,100
"060617",100,5,5,42.71,0,0,0,0,1781052360243,60000,60600,60617,NA,457,426,100,100
"060618",100,9,9,41.458,0,0,0,0,1781052120079,60000,60600,60618,NA,1075,1018,100,100
"060619",100,31,31,67.46,0,0,0,0,1781052480265,60000,60600,60619,NA,5898,5620,100,100
"060701",100,204,204,65.57,0,0,0,0,1781052480265,60000,60700,60701,NA,38747,34908,100,100
"060702",100,12,12,61.949,0,0,0,0,1781052480265,60000,60700,60702,NA,2009,1904,100,100
"060703",100,48,48,62.736,0,0,0,0,1781052480265,60000,60700,60703,NA,8655,7885,100,100
"060801",100,297,297,73.982,0,0,0,0,1781052480265,60000,60800,60801,NA,64005,59940,100,100
"060802",100,50,50,72.41,0,0,0,0,1781052480265,60000,60800,60802,NA,10002,9417,100,100
"060803",100,37,37,56.081,0,0,0,0,1781052480265,60000,60800,60803,NA,5584,5294,100,100
"060804",100,31,31,64.786,0,0,0,0,1781052480265,60000,60800,60804,NA,5729,5455,100,100
"060805",100,29,29,59.148,0,0,0,0,1781052480265,60000,60800,60805,NA,4788,4453,100,100
"060806",100,23,23,66.488,0,0,0,0,1781052480265,60000,60800,60806,NA,4337,3998,100,100
"060807",100,22,22,49.984,0,0,0,0,1781052480265,60000,60800,60807,NA,3039,2857,100,100
"060808",100,15,15,58.072,0,0,0,0,1781052480265,60000,60800,60808,NA,2482,2315,100,100
"060809",100,25,25,64.26,0,0,0,0,1781052480265,60000,60800,60809,NA,4263,4120,100,100
"060810",100,33,33,65.749,0,0,0,0,1781052480265,60000,60800,60810,NA,6020,5738,100,100
"060811",100,18,18,71.429,0,0,0,0,1781052480265,60000,60800,60811,NA,3650,3492,100,100
"060812",100,27,27,62.92,0,0,0,0,1781052480265,60000,60800,60812,NA,4865,4613,100,100
"060901",100,25,25,68.149,0,0,0,0,1781052480265,60000,60900,60901,NA,4827,4527,100,100
"060902",100,27,27,55.753,0,0,0,0,1781052480265,60000,60900,60902,NA,4167,3997,100,100
"060903",100,12,12,59.497,0,0,0,0,1781052480265,60000,60900,60903,NA,2036,1928,100,100
"060904",100,10,10,54.799,0,0,0,0,1781052480265,60000,60900,60904,NA,1336,1260,100,100
"060905",100,10,10,47.064,0,0,0,0,1781052480265,60000,60900,60905,NA,1170,1091,100,100
"060906",92.308,12,13,51.087,7.692,1,0,0,1781052480265,60000,60900,60906,NA,1856,1768,100,100
"060907",100,2,2,59.794,0,0,0,0,1781052480265,60000,60900,60907,NA,290,266,100,100
"060908",100,5,5,55.413,0,0,0,0,1781052480265,60000,60900,60908,NA,691,652,100,100
"060909",100,10,10,60.192,0,0,0,0,1781052480265,60000,60900,60909,NA,1627,1515,100,100
"060910",100,5,5,52.941,0,0,0,0,1781052480265,60000,60900,60910,NA,720,686,100,100
"060911",100,7,7,59.484,0,0,0,0,1781052480265,60000,60900,60911,NA,1060,1018,100,100
"061001",100,36,36,68.549,0,0,0,0,1781052480265,60000,61000,61001,NA,6846,6227,100,100
"061002",100,14,14,66.078,0,0,0,0,1781052480265,60000,61000,61002,NA,2468,2289,100,100
"061003",100,8,8,63.873,0,0,0,0,1781052480265,60000,61000,61003,NA,1494,1375,100,100
"061004",100,16,16,68.862,0,0,0,0,1781052480265,60000,61000,61004,NA,2687,2523,100,100
"061005",100,5,5,63.139,0,0,0,0,1781052480265,60000,61000,61005,NA,877,843,100,100
"061006",100,11,11,57.88,0,0,0,0,1781052480265,60000,61000,61006,NA,1693,1563,100,100
"061007",100,8,8,67.989,0,0,0,0,1781052480265,60000,61000,61007,NA,1423,1353,100,100
"061008",100,14,14,70.003,0,0,0,0,1781052480265,60000,61000,61008,NA,2546,2423,100,100
"061009",100,10,10,57.913,0,0,0,0,1781052480265,60000,61000,61009,NA,1526,1459,100,100
"061010",100,11,11,63.762,0,0,0,0,1781052480265,60000,61000,61010,NA,1793,1720,100,100
"061011",100,11,11,62.055,0,0,0,0,1781052480265,60000,61000,61011,NA,1776,1702,100,100
"061012",100,11,11,61.536,0,0,0,0,1781052480265,60000,61000,61012,NA,1739,1626,100,100
"061013",100,5,5,65.741,0,0,0,0,1781052480265,60000,61000,61013,NA,829,761,100,100
"061101",100,101,101,71.324,0,0,0,0,1781052480265,60000,61100,61101,NA,20838,19309,100,100
"061102",100,45,45,70.353,0,0,0,0,1781052480265,60000,61100,61102,NA,8982,8493,100,100
"061103",100,59,59,62.957,0,0,0,0,1781052480265,60000,61100,61103,NA,10500,9950,100,100
"061104",100,28,28,60.807,0,0,0,0,1781052480265,60000,61100,61104,NA,4777,4602,100,100
"061105",100,63,63,66.882,0,0,0,0,1781052480265,60000,61100,61105,NA,11828,11153,100,100
"061106",100,56,56,61.786,0,0,0,0,1781052480265,60000,61100,61106,NA,9415,8931,100,100
"061107",100,56,56,59.202,0,0,0,0,1781052480265,60000,61100,61107,NA,9412,8997,100,100
"061201",98.214,55,56,71.182,1.786,1,0,0,1781052480265,60000,61200,61201,NA,11135,10071,100,100
"061202",100,7,7,73.398,0,0,0,0,1781052480265,60000,61200,61202,NA,1352,1239,100,100
"061203",100,22,22,58.118,0,0,0,0,1781052480265,60000,61200,61203,NA,3039,2805,100,100
"061204",100,12,12,57.487,0,0,0,0,1781052480265,60000,61200,61204,NA,1835,1631,100,100
"061205",100,10,10,72.151,0,0,0,0,1781052480265,60000,61200,61205,NA,1754,1637,100,100
"061206",100,46,46,48.733,0,0,0,0,1781052480265,60000,61200,61206,NA,5691,5275,100,100
"061207",100,9,9,66.906,0,0,0,0,1781052480265,60000,61200,61207,NA,1771,1570,100,100
"061301",100,39,39,66.564,0,0,0,0,1781052480265,60000,61300,61301,NA,7368,6833,100,100
"061302",100,16,16,64.966,0,0,0,0,1781052480265,60000,61300,61302,NA,2687,2581,100,100
"061303",100,5,5,65.538,0,0,0,0,1781052480265,60000,61300,61303,NA,871,813,100,100
"061304",100,14,14,69.736,0,0,0,0,1781052480265,60000,61300,61304,NA,2620,2464,100,100
"070101",99.701,333,334,78.136,0.299,1,0,0,1781052480265,70000,70100,70101,NA,76875,70769,100,100
"070102",90,9,10,69.898,10,1,0,0,1781052480265,70000,70100,70102,NA,1911,1758,100,100
"070103",100,27,27,80.515,0,0,0,0,1781052480265,70000,70100,70103,NA,6186,5766,100,100
"070104",96.269,129,134,77.054,3.731,5,0,0,1781052480265,70000,70100,70104,NA,30458,28303,100,100
"070105",99.617,260,261,79.102,0.383,1,0,0,1781052480265,70000,70100,70105,NA,60757,56343,100,100
"070106",96.525,250,259,74.816,3.475,9,0,0,1781052480265,70000,70100,70106,NA,57031,52805,100,100
"070107",100,20,20,82.312,0,0,0,0,1781052480265,70000,70100,70107,NA,4714,4388,100,100
"070108",98.131,210,214,77.175,1.869,4,0,0,1781052480265,70000,70100,70108,NA,48603,45027,100,100
"070201",100,14,14,70.435,0,0,0,0,1781052480265,70000,70200,70201,NA,2835,2619,100,100
"070202",100,9,9,71.379,0,0,0,0,1781052480265,70000,70200,70202,NA,1631,1557,100,100
"070203",100,8,8,67.193,0,0,0,0,1781052480265,70000,70200,70203,NA,1405,1302,100,100
"070204",100,23,23,69.544,0,0,0,0,1781052480265,70000,70200,70204,NA,4487,4212,100,100
"070205",100,9,9,64.815,0,0,0,0,1781052480265,70000,70200,70205,NA,1575,1489,100,100
"070206",100,12,12,67.01,0,0,0,0,1781052480265,70000,70200,70206,NA,1952,1841,100,100
"070207",100,5,5,77.269,0,0,0,0,1781052480265,70000,70200,70207,NA,911,873,100,100
"070301",98.361,60,61,75.595,1.639,1,0,0,1781052480265,70000,70300,70301,NA,13335,12313,100,100
"070302",100,17,17,64.35,0,0,0,0,1781052480265,70000,70300,70302,NA,3056,2844,100,100
"070303",94.737,18,19,72.882,5.263,1,0,0,1781052480265,70000,70300,70303,NA,3897,3574,100,100
"070304",100,27,27,72.647,0,0,0,0,1781052480265,70000,70300,70304,NA,5487,4976,100,100
"070305",100,12,12,73.35,0,0,0,0,1781052480265,70000,70300,70305,NA,2312,2159,100,100
"070306",100,13,13,79.168,0,0,0,0,1781052480265,70000,70300,70306,NA,2816,2632,100,100
"070307",92.308,12,13,73.101,7.692,1,0,0,1781052480265,70000,70300,70307,NA,2685,2499,100,100
"070308",100,9,9,83.568,0,0,0,0,1781052480265,70000,70300,70308,NA,2075,1969,100,100
"070309",100,23,23,71.983,0,0,0,0,1781052480265,70000,70300,70309,NA,4825,4483,100,100
"070401",100,64,64,73.845,0,0,0,0,1781052480265,70000,70400,70401,NA,13662,12717,100,100
"070402",100,13,13,78.049,0,0,0,0,1781052480265,70000,70400,70402,NA,2592,2403,100,100
"070403",100,18,18,75.629,0,0,0,0,1781052480265,70000,70400,70403,NA,3845,3516,100,100
"070404",95.652,22,23,55.305,4.348,1,0,0,1781052480265,70000,70400,70404,NA,3456,3244,100,100
"070405",100,32,32,76.588,0,0,0,0,1781052480265,70000,70400,70405,NA,6935,6350,100,100
"070406",100,19,19,74.179,0,0,0,0,1781052480265,70000,70400,70406,NA,3999,3721,100,100
"070407",100,14,14,81.21,0,0,0,0,1781052480265,70000,70400,70407,NA,3181,3007,100,100
"070408",100,30,30,55.623,0,0,0,0,1781052480265,70000,70400,70408,NA,4377,4129,100,100
"070501",100,29,29,67.414,0,0,0,0,1781052480265,70000,70500,70501,NA,5112,4886,100,100
"070502",100,20,20,64.601,0,0,0,0,1781052480265,70000,70500,70502,NA,3232,3107,100,100
"070503",100,16,16,72.078,0,0,0,0,1781052480265,70000,70500,70503,NA,3201,2995,100,100
"070504",100,9,9,71.614,0,0,0,0,1781052480265,70000,70500,70504,NA,1824,1735,100,100
"070505",100,18,18,70.661,0,0,0,0,1781052480265,70000,70500,70505,NA,3461,3236,100,100
"070506",100,6,6,73.593,0,0,0,0,1781052480265,70000,70500,70506,NA,1229,1147,100,100
"070507",100,10,10,63.478,0,0,0,0,1781052480265,70000,70500,70507,NA,1679,1606,100,100
"070508",100,10,10,68.556,0,0,0,0,1781052480265,70000,70500,70508,NA,1766,1695,100,100
"070601",98.758,159,161,73.799,1.242,2,0,0,1781052480265,70000,70600,70601,NA,34789,32785,100,100
"070602",100,15,15,74.674,0,0,0,0,1781052480265,70000,70600,70602,NA,3152,2986,100,100
"070603",100,16,16,75.316,0,0,0,0,1781052480265,70000,70600,70603,NA,3274,3127,100,100
"070604",100,32,32,75.237,0,0,0,0,1781052480265,70000,70600,70604,NA,6906,6545,100,100
"070605",100,23,23,66.78,0,0,0,0,1781052480265,70000,70600,70605,NA,4338,4077,100,100
"070606",100,16,16,72.065,0,0,0,0,1781052480265,70000,70600,70606,NA,3284,3110,100,100
"070607",100,10,10,77.53,0,0,0,0,1781052480265,70000,70600,70607,NA,2191,2114,100,100
"070608",100,17,17,76.312,0,0,0,0,1781052480265,70000,70600,70608,NA,3592,3473,100,100
"070701",100,60,60,66.243,0,0,0,0,1781052480265,70000,70700,70701,NA,11160,10437,100,100
"070702",100,17,17,60.124,0,0,0,0,1781052480265,70000,70700,70702,NA,2806,2643,100,100
"070703",100,33,33,70.026,0,0,0,0,1781052480265,70000,70700,70703,NA,6399,6109,100,100
"070704",100,26,26,61.734,0,0,0,0,1781052480265,70000,70700,70704,NA,4230,4015,100,100
"070705",100,39,39,64.915,0,0,0,0,1781052480265,70000,70700,70705,NA,6892,6369,100,100
"070706",100,22,22,65.668,0,0,0,0,1781052480265,70000,70700,70706,NA,3770,3613,100,100
"070707",100,13,13,65.706,0,0,0,0,1781052480265,70000,70700,70707,NA,2393,2259,100,100
"070708",100,26,26,66.796,0,0,0,0,1781052480265,70000,70700,70708,NA,4993,4787,100,100
"070801",98.936,93,94,70.55,1.064,1,0,0,1781052480265,70000,70800,70801,NA,19471,18333,100,100
"070802",100,4,4,69.153,0,0,0,0,1781052480265,70000,70800,70802,NA,751,688,100,100
"070803",100,53,53,70.33,0,0,0,0,1781052480265,70000,70800,70803,NA,10188,9710,100,100
"070804",100,6,6,70.667,0,0,0,0,1781052480265,70000,70800,70804,NA,1166,1089,100,100
"070805",100,23,23,74.957,0,0,0,0,1781052480265,70000,70800,70805,NA,4819,4511,100,100
"070806",93.75,15,16,70.736,6.25,1,0,0,1781052480265,70000,70800,70806,NA,2990,2805,100,100
"070807",100,10,10,62.846,0,0,0,0,1781052480265,70000,70800,70807,NA,1793,1687,100,100
"070808",100,11,11,74.966,0,0,0,0,1781052480265,70000,70800,70808,NA,2195,2072,100,100
"070901",97.222,105,108,68.862,2.778,3,0,0,1781052480265,70000,70900,70901,NA,21445,20326,100,100
"070902",96.078,98,102,48.965,3.922,4,0,0,1781052480265,70000,70900,70902,NA,14139,13472,100,100
"070903",88.889,16,18,58.118,11.111,2,0,0,1781052480265,70000,70900,70903,NA,3014,2831,100,100
"070904",90.476,19,21,62.087,9.524,2,0,0,1781052480265,70000,70900,70904,NA,3742,3547,100,100
"070905",100,18,18,52.012,0,0,0,0,1781052480265,70000,70900,70905,NA,2521,2432,100,100
"070906",100,24,24,65.941,0,0,0,0,1781052480265,70000,70900,70906,NA,4515,4262,100,100
"070907",100,37,37,48.732,0,0,0,0,1781052480265,70000,70900,70907,NA,4995,4790,100,100
"070908",97.674,42,43,57.691,2.326,1,0,0,1781052480265,70000,70900,70908,NA,6976,6645,100,100
"070909",97.778,44,45,62.424,2.222,1,0,0,1781052480265,70000,70900,70909,NA,8044,7676,100,100
"070910",95.238,80,84,60.433,4.762,4,0,0,1781052480265,70000,70900,70910,NA,14875,14277,100,100
"070911",100,16,16,55.891,0,0,0,0,1781052480265,70000,70900,70911,NA,2296,2228,100,100
"070912",100,8,8,61.042,0,0,0,0,1781052480265,70000,70900,70912,NA,1324,1252,100,100
"070913",100,9,9,62.935,0,0,0,0,1781052480265,70000,70900,70913,NA,1557,1465,100,100
"070915",0,0,41,0,0,0,100,41,1781052480265,70000,70900,70915,NA,0,0,0,0
"070916",95,19,20,56.063,5,1,0,0,1781052480265,70000,70900,70916,NA,3093,2879,100,100
"070917",100,8,8,57.774,0,0,0,0,1781052480265,70000,70900,70917,NA,1360,1280,100,100
"070918",100,12,12,64.488,0,0,0,0,1781052480265,70000,70900,70918,NA,2181,2091,100,100
"070919",100,18,18,65.726,0,0,0,0,1781052480265,70000,70900,70919,NA,3306,3184,100,100
"071001",100,11,11,71.655,0,0,0,0,1781052480265,70000,71000,71001,NA,2169,2055,100,100
"071002",100,12,12,61.097,0,0,0,0,1781052480265,70000,71000,71002,NA,1938,1819,100,100
"071003",100,14,14,54.625,0,0,0,0,1781052480265,70000,71000,71003,NA,1925,1673,100,100
"071004",100,5,5,58.481,0,0,0,0,1781052480265,70000,71000,71004,NA,693,658,100,100
"071005",100,20,20,68.602,0,0,0,0,1781052480265,70000,71000,71005,NA,3640,3404,100,100
"071006",100,19,19,49.659,0,0,0,0,1781052480265,70000,71000,71006,NA,2622,2456,100,100
"071007",100,10,10,77.977,0,0,0,0,1781052480265,70000,71000,71007,NA,2266,2146,100,100
"071008",100,9,9,63.097,0,0,0,0,1781052480265,70000,71000,71008,NA,1479,1363,100,100
"071009",100,5,5,61.022,0,0,0,0,1781052480265,70000,71000,71009,NA,764,736,100,100
"071101",100,37,37,73.318,0,0,0,0,1781052480265,70000,71100,71101,NA,7521,7016,100,100
"071102",100,10,10,74.271,0,0,0,0,1781052480265,70000,71100,71102,NA,2090,1975,100,100
"071103",96.552,28,29,69.607,3.448,1,0,0,1781052480265,70000,71100,71103,NA,5650,5255,100,100
"071104",100,29,29,61.773,0,0,0,0,1781052480265,70000,71100,71104,NA,4877,4585,100,100
"071105",100,18,18,68.253,0,0,0,0,1781052480265,70000,71100,71105,NA,3571,3401,100,100
"071106",100,20,20,76.612,0,0,0,0,1781052480265,70000,71100,71106,NA,4242,4024,100,100
"071201",100,41,41,74.08,0,0,0,0,1781052480265,70000,71200,71201,NA,8377,7879,100,100
"071202",100,19,19,75.719,0,0,0,0,1781052480265,70000,71200,71202,NA,4026,3778,100,100
"071203",100,9,9,61.586,0,0,0,0,1781052480265,70000,71200,71203,NA,1600,1517,100,100
"071204",100,10,10,68.862,0,0,0,0,1781052480265,70000,71200,71204,NA,1913,1821,100,100
"071205",100,35,35,68.446,0,0,0,0,1781052480265,70000,71200,71205,NA,6642,6212,100,100
"071206",93.333,14,15,68.943,6.667,1,0,0,1781052480265,70000,71200,71206,NA,2806,2690,100,100
"071207",100,13,13,73.728,0,0,0,0,1781052480265,70000,71200,71207,NA,2767,2590,100,100
"071208",100,13,13,80.449,0,0,0,0,1781052480265,70000,71200,71208,NA,3049,2896,100,100
"071209",100,15,15,60.048,0,0,0,0,1781052480265,70000,71200,71209,NA,2477,2339,100,100
"071210",97.917,47,48,70.254,2.083,1,0,0,1781052480265,70000,71200,71210,NA,9714,9313,100,100
"071211",100,29,29,81.661,0,0,0,0,1781052480265,70000,71200,71211,NA,6626,6245,100,100
"071212",100,30,30,73.023,0,0,0,0,1781052480265,70000,71200,71212,NA,6307,5835,100,100
"071301",100,68,68,75.941,0,0,0,0,1781052480265,70000,71300,71301,NA,14930,14003,100,100
"071302",100,36,36,83.876,0,0,0,0,1781052480265,70000,71300,71302,NA,8828,8294,100,100
"071303",100,18,18,78.673,0,0,0,0,1781052480265,70000,71300,71303,NA,3866,3663,100,100
"071304",96.774,30,31,57.162,3.226,1,0,0,1781052480265,70000,71300,71304,NA,5112,4815,100,100
"071305",95.833,23,24,74.059,4.167,1,0,0,1781052480265,70000,71300,71305,NA,4762,4491,100,100
"071306",100,32,32,75.347,0,0,0,0,1781052480265,70000,71300,71306,NA,7063,6606,100,100
"071307",100,10,10,80.335,0,0,0,0,1781052480265,70000,71300,71307,NA,2251,2149,100,100
"080101",98.182,108,110,72.005,1.818,2,0,0,1781052480265,80000,80100,80101,NA,23190,22082,100,100
"080102",100,10,10,56.572,0,0,0,0,1781052480265,80000,80100,80102,NA,1330,1277,100,100
"080103",98.611,71,72,57.484,1.389,1,0,0,1781052480265,80000,80100,80103,NA,10611,9977,100,100
"080104",100,3,3,56.797,0,0,0,0,1781052480265,80000,80100,80104,NA,493,469,100,100
"080105",100,7,7,58.08,0,0,0,0,1781052480265,80000,80100,80105,NA,974,910,100,100
"080106",100,7,7,69.165,0,0,0,0,1781052480265,80000,80100,80106,NA,1292,1209,100,100
"080108",100,3,3,58.67,0,0,0,0,1781052480265,80000,80100,80108,NA,450,436,100,100
"080109",100,4,4,67.034,0,0,0,0,1781052480265,80000,80100,80109,NA,730,698,100,100
"080110",100,3,3,53.436,0,0,0,0,1781052480265,80000,80100,80110,NA,451,440,100,100
"080111",100,3,3,56.307,0,0,0,0,1781052480265,80000,80100,80111,NA,491,467,100,100
"080112",100,3,3,62.012,0,0,0,0,1781052480265,80000,80100,80112,NA,524,482,100,100
"080113",100,4,4,59.862,0,0,0,0,1781052480265,80000,80100,80113,NA,607,570,100,100
"080114",100,9,9,60.276,0,0,0,0,1781052480265,80000,80100,80114,NA,1179,1139,100,100
"080115",100,10,10,62.62,0,0,0,0,1781052480265,80000,80100,80115,NA,1759,1671,100,100
"080116",100,4,4,62.564,0,0,0,0,1781052480265,80000,80100,80116,NA,615,588,100,100
"080117",100,8,8,57.136,0,0,0,0,1781052480265,80000,80100,80117,NA,1177,1138,100,100
"080118",100,67,67,65.751,0,0,0,0,1781052480265,80000,80100,80118,NA,12273,11728,100,100
"080119",100,36,36,77.124,0,0,0,0,1781052480265,80000,80100,80119,NA,7943,7569,100,100
"080120",100,21,21,62.334,0,0,0,0,1781052480265,80000,80100,80120,NA,3525,3288,100,100
"080201",100,29,29,63.287,0,0,0,0,1781052480265,80000,80200,80201,NA,4913,4665,100,100
"080202",100,20,20,45.234,0,0,0,0,1781052480265,80000,80200,80202,NA,2316,2186,100,100
"080203",100,13,13,61.653,0,0,0,0,1781052480265,80000,80200,80203,NA,2066,1964,100,100
"080204",100,9,9,62.729,0,0,0,0,1781052480265,80000,80200,80204,NA,1338,1273,100,100
"080205",100,7,7,62.46,0,0,0,0,1781052480265,80000,80200,80205,NA,1163,1117,100,100
"080206",100,34,34,59.001,0,0,0,0,1781052480265,80000,80200,80206,NA,5667,5397,100,100
"080207",100,11,11,59.109,0,0,0,0,1781052480265,80000,80200,80207,NA,1752,1665,100,100
"080208",100,20,20,54.094,0,0,0,0,1781052480265,80000,80200,80208,NA,2682,2516,100,100
"080301",100,69,69,64.144,0,0,0,0,1781052480265,80000,80300,80301,NA,12553,11681,100,100
"080302",95.833,23,24,63.339,4.167,1,0,0,1781052480265,80000,80300,80302,NA,3946,3760,100,100
"080303",100,3,3,56.121,0,0,0,0,1781052480265,80000,80300,80303,NA,463,448,100,100
"080304",100,14,14,55.048,0,0,0,0,1781052480265,80000,80300,80304,NA,1903,1791,100,100
"080305",100,5,5,58.569,0,0,0,0,1781052480265,80000,80300,80305,NA,704,673,100,100
"080306",80,4,5,49.625,20,1,0,0,1781052480265,80000,80300,80306,NA,662,631,100,100
"080307",100,5,5,58.679,0,0,0,0,1781052480265,80000,80300,80307,NA,764,718,100,100
"080308",100,4,4,68.966,0,0,0,0,1781052480265,80000,80300,80308,NA,720,688,100,100
"080309",100,5,5,56.497,0,0,0,0,1781052480265,80000,80300,80309,NA,700,679,100,100
"080310",83.333,5,6,50,16.667,1,0,0,1781052480265,80000,80300,80310,NA,708,673,100,100
"080311",100,10,10,64.103,0,0,0,0,1781052480265,80000,80300,80311,NA,1550,1484,100,100
"080312",100,11,11,71.084,0,0,0,0,1781052480265,80000,80300,80312,NA,2065,1967,100,100
"080401",100,9,9,59.258,0,0,0,0,1781052480265,80000,80400,80401,NA,1501,1425,100,100
"080402",100,5,5,54.737,0,0,0,0,1781052480265,80000,80400,80402,NA,728,688,100,100
"080403",100,7,7,51.325,0,0,0,0,1781052480265,80000,80400,80403,NA,775,735,100,100
"080405",100,5,5,55.638,0,0,0,0,1781052480265,80000,80400,80405,NA,676,661,100,100
"080406",100,4,4,47.263,0,0,0,0,1781052480265,80000,80400,80406,NA,449,432,100,100
"080408",100,4,4,50.059,0,0,0,0,1781052480265,80000,80400,80408,NA,421,394,100,100
"080409",100,7,7,58.275,0,0,0,0,1781052480265,80000,80400,80409,NA,993,953,100,100
"080410",100,3,3,49.935,0,0,0,0,1781052480265,80000,80400,80410,NA,387,378,100,100
"080414",100,5,5,51.541,0,0,0,0,1781052480265,80000,80400,80414,NA,602,574,100,100
"080422",100,4,4,70.509,0,0,0,0,1781052480265,80000,80400,80422,NA,734,721,100,100
"080427",100,4,4,54.632,0,0,0,0,1781052480265,80000,80400,80427,NA,519,505,100,100
"080428",100,7,7,68.958,0,0,0,0,1781052480265,80000,80400,80428,NA,1204,1145,100,100
"080429",100,5,5,61.014,0,0,0,0,1781052480265,80000,80400,80429,NA,734,700,100,100
"080501",100,28,28,66.875,0,0,0,0,1781052480265,80000,80500,80501,NA,5029,4724,100,100
"080502",100,13,13,68.228,0,0,0,0,1781052480265,80000,80500,80502,NA,2534,2406,100,100
"080503",100,15,15,68.796,0,0,0,0,1781052480265,80000,80500,80503,NA,2833,2657,100,100
"080504",100,16,16,64.538,0,0,0,0,1781052480265,80000,80500,80504,NA,2870,2725,100,100
"080506",100,41,41,57.403,0,0,0,0,1781052480265,80000,80500,80506,NA,6420,5997,100,100
"080509",100,30,30,70.313,0,0,0,0,1781052480265,80000,80500,80509,NA,5971,5637,100,100
"080511",100,8,8,56.739,0,0,0,0,1781052480265,80000,80500,80511,NA,1183,1108,100,100
"080512",100,15,15,54.505,0,0,0,0,1781052480265,80000,80500,80512,NA,2311,2188,100,100
"080515",100,7,7,70.47,0,0,0,0,1781052480265,80000,80500,80515,NA,1334,1259,100,100
"080517",95,19,20,66.488,5,1,0,0,1781052480265,80000,80500,80517,NA,3837,3597,100,100
"080518",100,3,3,54.414,0,0,0,0,1781052480265,80000,80500,80518,NA,376,346,100,100
"080519",100,16,16,52.516,0,0,0,0,1781052480265,80000,80500,80519,NA,2087,1891,100,100
"080520",100,11,11,53.696,0,0,0,0,1781052480265,80000,80500,80520,NA,1431,1360,100,100
"080523",92.857,13,14,46.92,7.143,1,0,0,1781052480265,80000,80500,80523,NA,1851,1758,100,100
"080525",100,8,8,54.182,0,0,0,0,1781052480265,80000,80500,80525,NA,1004,950,100,100
"080526",100,11,11,55.823,0,0,0,0,1781052480265,80000,80500,80526,NA,1644,1541,100,100
"080528",100,18,18,61.676,0,0,0,0,1781052480265,80000,80500,80528,NA,2620,2475,100,100
"080529",100,8,8,52.287,0,0,0,0,1781052480265,80000,80500,80529,NA,1223,1136,100,100
"080530",100,4,4,62.602,0,0,0,0,1781052480265,80000,80500,80530,NA,693,650,100,100
"080531",100,10,10,60.7,0,0,0,0,1781052480265,80000,80500,80531,NA,1560,1472,100,100
"080532",100,6,6,65.163,0,0,0,0,1781052480265,80000,80500,80532,NA,997,933,100,100
"080533",100,5,5,60.26,0,0,0,0,1781052480265,80000,80500,80533,NA,834,791,100,100
"080534",100,4,4,57.517,0,0,0,0,1781052480265,80000,80500,80534,NA,505,480,100,100
"080601",100,4,4,62.205,0,0,0,0,1781052480265,80000,80600,80601,NA,553,534,100,100
"080602",100,5,5,65.782,0,0,0,0,1781052480265,80000,80600,80602,NA,942,895,100,100
"080603",100,3,3,63.255,0,0,0,0,1781052480265,80000,80600,80603,NA,377,359,100,100
"080604",100,6,6,68.352,0,0,0,0,1781052480265,80000,80600,80604,NA,1149,1109,100,100
"080605",100,3,3,62.698,0,0,0,0,1781052480265,80000,80600,80605,NA,395,374,100,100
"080606",100,5,5,48.855,0,0,0,0,1781052480265,80000,80600,80606,NA,640,605,100,100
"080607",100,15,15,55.074,0,0,0,0,1781052480265,80000,80600,80607,NA,2095,1935,100,100
"080608",100,3,3,54.877,0,0,0,0,1781052480265,80000,80600,80608,NA,467,451,100,100
"080609",100,3,3,54.654,0,0,0,0,1781052480265,80000,80600,80609,NA,458,436,100,100
"080610",80,4,5,40.082,20,1,0,0,1781052480265,80000,80600,80610,NA,586,548,100,100
"080611",100,5,5,53.668,0,0,0,0,1781052480265,80000,80600,80611,NA,695,650,100,100
"080612",100,4,4,60.636,0,0,0,0,1781052480265,80000,80600,80612,NA,553,531,100,100
"080613",100,10,10,49.431,0,0,0,0,1781052480265,80000,80600,80613,NA,1346,1293,100,100
"080614",100,4,4,47.228,0,0,0,0,1781052480265,80000,80600,80614,NA,460,437,100,100
"080615",100,4,4,53.001,0,0,0,0,1781052480265,80000,80600,80615,NA,521,493,100,100
"080616",100,5,5,50.35,0,0,0,0,1781052480265,80000,80600,80616,NA,719,685,100,100
"080701",100,15,15,60.847,0,0,0,0,1781052480265,80000,80700,80701,NA,2513,2373,100,100
"080702",95.238,20,21,55.862,4.762,1,0,0,1781052480265,80000,80700,80702,NA,2754,2579,100,100
"080703",100,9,9,52.433,0,0,0,0,1781052480265,80000,80700,80703,NA,1153,1069,100,100
"080704",100,9,9,56.658,0,0,0,0,1781052480265,80000,80700,80704,NA,1336,1248,100,100
"080705",100,3,3,63.555,0,0,0,0,1781052480265,80000,80700,80705,NA,497,473,100,100
"080706",100,12,12,57.68,0,0,0,0,1781052480265,80000,80700,80706,NA,1840,1691,100,100
"080707",100,16,16,56.698,0,0,0,0,1781052480265,80000,80700,80707,NA,2531,2341,100,100
"080708",100,4,4,66.631,0,0,0,0,1781052480265,80000,80700,80708,NA,615,597,100,100
"080709",90.909,10,11,48.455,9.091,1,0,0,1781052480265,80000,80700,80709,NA,1443,1348,100,100
"080710",100,9,9,48.305,0,0,0,0,1781052480265,80000,80700,80710,NA,1026,969,100,100
"080711",100,12,12,63.606,0,0,0,0,1781052480265,80000,80700,80711,NA,1919,1837,100,100
"090101",98.276,228,232,73.349,1.724,4,0,0,1781052480265,90000,90100,90101,NA,49869,46575,100,100
"090102",100,48,48,64.057,0,0,0,0,1781052360243,90000,90100,90102,NA,8656,7951,100,100
"090103",98.333,59,60,58.602,1.667,1,0,0,1781052480265,90000,90100,90103,NA,9555,8835,100,100
"090104",95.238,20,21,50.575,4.762,1,0,0,1781052480265,90000,90100,90104,NA,2989,2830,100,100
"090105",100,19,19,65.477,0,0,0,0,1781052480265,90000,90100,90105,NA,3393,3206,100,100
"090106",95,19,20,68.992,5,1,0,0,1781052480265,90000,90100,90106,NA,3827,3544,100,100
"090107",100,15,15,52.904,0,0,0,0,1781052480265,90000,90100,90107,NA,1922,1825,100,100
"090108",100,67,67,68.038,0,0,0,0,1781052480265,90000,90100,90108,NA,12934,11718,100,100
"090109",100,12,12,50.231,0,0,0,0,1781052480265,90000,90100,90109,NA,1633,1559,100,100
"090110",99.115,224,226,74.999,0.885,2,0,0,1781052360243,90000,90100,90110,NA,50191,46874,100,100
"090111",100,99,99,77.738,0,0,0,0,1781052480265,90000,90100,90111,NA,22289,20938,100,100
"090112",100,12,12,63.133,0,0,0,0,1781052480265,90000,90100,90112,NA,1971,1874,100,100
"090113",100,27,27,71.373,0,0,0,0,1781052480265,90000,90100,90113,NA,5278,4868,100,100
"090201",100,52,52,72.992,0,0,0,0,1781052480265,90000,90200,90201,NA,11143,10282,100,100
"090202",100,13,13,55.779,0,0,0,0,1781052480265,90000,90200,90202,NA,1911,1785,100,100
"090203",100,10,10,42.457,0,0,0,0,1781052480265,90000,90200,90203,NA,1137,1066,100,100
"090204",100,21,21,72.67,0,0,0,0,1781052480265,90000,90200,90204,NA,4281,4032,100,100
"090205",100,25,25,67.692,0,0,0,0,1781052480265,90000,90200,90205,NA,4777,4484,100,100
"090206",100,8,8,53.942,0,0,0,0,1781052480265,90000,90200,90206,NA,1163,1085,100,100
"090207",100,32,32,63.627,0,0,0,0,1781052480265,90000,90200,90207,NA,5533,5221,100,100
"090208",100,13,13,76.008,0,0,0,0,1781052480265,90000,90200,90208,NA,2753,2491,100,100
"090301",100,13,13,60.805,0,0,0,0,1781052480265,90000,90300,90301,NA,2161,2000,100,100
"090307",100,14,14,47.721,0,0,0,0,1781052480265,90000,90300,90307,NA,1811,1665,100,100
"090312",100,21,21,44.989,0,0,0,0,1781052480265,90000,90300,90312,NA,2379,2210,100,100
"090314",100,20,20,60.607,0,0,0,0,1781052480265,90000,90300,90314,NA,3274,3065,100,100
"090316",100,4,4,50.324,0,0,0,0,1781052480265,90000,90300,90316,NA,544,509,100,100
"090317",100,20,20,58.713,0,0,0,0,1781052480265,90000,90300,90317,NA,3066,2851,100,100
"090321",100,7,7,57.038,0,0,0,0,1781052480265,90000,90300,90321,NA,1086,1020,100,100
"090322",100,11,11,51.03,0,0,0,0,1781052480265,90000,90300,90322,NA,1586,1517,100,100
"090323",100,10,10,50.695,0,0,0,0,1781052480265,90000,90300,90323,NA,1386,1306,100,100
"090401",100,36,36,61.207,0,0,0,0,1781052480265,90000,90400,90401,NA,6199,5716,100,100
"090402",100,7,7,36.22,0,0,0,0,1781052480265,90000,90400,90402,NA,640,601,100,100
"090403",100,14,14,58.624,0,0,0,0,1781052480265,90000,90400,90403,NA,2104,1955,100,100
"090404",100,19,19,51.734,0,0,0,0,1781052480265,90000,90400,90404,NA,2774,2522,100,100
"090405",100,5,5,38.059,0,0,0,0,1781052480265,90000,90400,90405,NA,545,494,100,100
"090406",100,11,11,56.129,0,0,0,0,1781052480265,90000,90400,90406,NA,1685,1583,100,100
"090407",100,42,42,59.311,0,0,0,0,1781052480265,90000,90400,90407,NA,6959,6485,100,100
"090408",100,7,7,58.366,0,0,0,0,1781052480265,90000,90400,90408,NA,1043,970,100,100
"090409",100,15,15,58.014,0,0,0,0,1781052480265,90000,90400,90409,NA,2349,2197,100,100
"090410",100,10,10,49.298,0,0,0,0,1781052480265,90000,90400,90410,NA,1334,1229,100,100
"090411",100,7,7,47.344,0,0,0,0,1781052480265,90000,90400,90411,NA,900,821,100,100
"090501",100,43,43,57.706,0,0,0,0,1781052480265,90000,90500,90501,NA,6320,5721,100,100
"090502",100,22,22,51.47,0,0,0,0,1781052480265,90000,90500,90502,NA,2854,2691,100,100
"090505",100,8,8,51.649,0,0,0,0,1781052480265,90000,90500,90505,NA,971,889,100,100
"090506",100,12,12,68.125,0,0,0,0,1781052480265,90000,90500,90506,NA,2165,2053,100,100
"090507",100,9,9,68.76,0,0,0,0,1781052480265,90000,90500,90507,NA,1752,1659,100,100
"090601",100,149,149,68.414,0,0,0,0,1781052480265,90000,90600,90601,NA,29932,28109,100,100
"090602",100,24,24,65.818,0,0,0,0,1781052480265,90000,90600,90602,NA,4473,4213,100,100
"090603",100,13,13,68.823,0,0,0,0,1781052480265,90000,90600,90603,NA,2532,2357,100,100
"090604",100,34,34,71.282,0,0,0,0,1781052480265,90000,90600,90604,NA,7022,6627,100,100
"090605",94.737,36,38,62.545,5.263,2,0,0,1781052480265,90000,90600,90605,NA,6733,6228,100,100
"090606",100,67,67,67.829,0,0,0,0,1781052480265,90000,90600,90606,NA,13205,12281,100,100
"090607",91.667,11,12,64.11,8.333,1,0,0,1781052480265,90000,90600,90607,NA,2106,1975,100,100
"090608",100,29,29,77.839,0,0,0,0,1781052480265,90000,90600,90608,NA,6505,6071,100,100
"090609",100,13,13,70.844,0,0,0,0,1781052480265,90000,90600,90609,NA,2561,2361,100,100
"090610",80,8,10,57.238,20,2,0,0,1781052480265,90000,90600,90610,NA,1542,1437,100,100
"090701",98.214,55,56,55.958,1.786,1,0,0,1781052480265,90000,90700,90701,NA,8908,8221,100,100
"090702",100,35,35,52.06,0,0,0,0,1781052480265,90000,90700,90702,NA,5067,4765,100,100
"090704",100,39,39,62.322,0,0,0,0,1781052480265,90000,90700,90704,NA,6598,6191,100,100
"090706",100,36,36,55.659,0,0,0,0,1781052480265,90000,90700,90706,NA,5572,5259,100,100
"090801",89.474,17,19,52.702,10.526,2,0,0,1781052480265,90000,90800,90801,NA,2809,2645,100,100
"090802",97.368,37,38,54.261,2.632,1,0,0,1781052480265,90000,90800,90802,NA,5819,5328,100,100
"090803",100,23,23,58.939,0,0,0,0,1781052480265,90000,90800,90803,NA,3867,3555,100,100
"090804",100,20,20,56.747,0,0,0,0,1781052480265,90000,90800,90804,NA,2948,2601,100,100
"090805",100,19,19,57.212,0,0,0,0,1781052480265,90000,90800,90805,NA,3058,2844,100,100
"090901",100,16,16,51.014,0,0,0,0,1781052480265,90000,90900,90901,NA,2213,2010,100,100
"090902",100,20,20,48.978,0,0,0,0,1781052480265,90000,90900,90902,NA,2539,2348,100,100
"090903",100,11,11,49.217,0,0,0,0,1781052480265,90000,90900,90903,NA,1257,1168,100,100
"090904",100,8,8,46.279,0,0,0,0,1781052480265,90000,90900,90904,NA,771,742,100,100
"091001",100,14,14,55.093,0,0,0,0,1781052480265,90000,91000,91001,NA,2185,2091,100,100
"091002",100,9,9,53.044,0,0,0,0,1781052480265,90000,91000,91002,NA,1246,1188,100,100
"091003",100,11,11,35.57,0,0,0,0,1781052480265,90000,91000,91003,NA,1076,1046,100,100
"091004",100,3,3,43.353,0,0,0,0,1781052480265,90000,91000,91004,NA,375,359,100,100
"091005",94.118,16,17,45.536,5.882,1,0,0,1781052480265,90000,91000,91005,NA,2178,2089,100,100
"091006",100,17,17,49.978,0,0,0,0,1781052480265,90000,91000,91006,NA,2234,2151,100,100
"091007",100,6,6,48.561,0,0,0,0,1781052480265,90000,91000,91007,NA,810,799,100,100
"091101",100,20,20,56.466,0,0,0,0,1781052480265,90000,91100,91101,NA,3205,3013,100,100
"091102",95,19,20,47.389,5,1,0,0,1781052480265,90000,91100,91102,NA,2723,2586,100,100
"091103",100,10,10,42.556,0,0,0,0,1781052480265,90000,91100,91103,NA,1192,1140,100,100
"091104",100,12,12,38.84,0,0,0,0,1781052480265,90000,91100,91104,NA,1239,1202,100,100
"091105",100,9,9,55.345,0,0,0,0,1781052480265,90000,91100,91105,NA,1341,1288,100,100
"091106",100,23,23,47.14,0,0,0,0,1781052480265,90000,91100,91106,NA,2522,2362,100,100
"091107",100,9,9,32.423,0,0,0,0,1781052480265,90000,91100,91107,NA,772,732,100,100
"091108",100,13,13,46.115,0,0,0,0,1781052480265,90000,91100,91108,NA,1626,1570,100,100
"100101",99.175,481,485,77.705,0.825,4,0,0,1781052720258,100000,100100,100101,NA,111088,104969,100,100
"100102",100,105,105,82.373,0,0,0,0,1781052720258,100000,100100,100102,NA,25436,24052,100,100
"100103",100,50,50,82.672,0,0,0,0,1781052720258,100000,100100,100103,NA,11975,11296,100,100
"100104",100,134,134,80.951,0,0,0,0,1781052720258,100000,100100,100104,NA,31843,30155,100,100
"100105",100,17,17,84.002,0,0,0,0,1781052720258,100000,100100,100105,NA,4127,3908,100,100
"100106",100,70,70,81.819,0,0,0,0,1781052720258,100000,100100,100106,NA,16678,15834,100,100
"100107",100,22,22,83.336,0,0,0,0,1781052720258,100000,100100,100107,NA,5231,4933,100,100
"100108",100,23,23,83.729,0,0,0,0,1781052720258,100000,100100,100108,NA,5609,5331,100,100
"100109",100,72,72,83.053,0,0,0,0,1781052720258,100000,100100,100109,NA,17388,16487,100,100
"100110",100,75,75,81.507,0,0,0,0,1781052720258,100000,100100,100110,NA,18005,17037,100,100
"100111",100,12,12,79.408,0,0,0,0,1781052720258,100000,100100,100111,NA,2819,2676,100,100
"100112",93.75,15,16,81.019,6.25,1,0,0,1781052720258,100000,100100,100112,NA,3624,3453,100,100
"100113",100,21,21,85.526,0,0,0,0,1781052720258,100000,100100,100113,NA,5182,4962,100,100
"100114",100,17,17,79.696,0,0,0,0,1781052720258,100000,100100,100114,NA,3772,3557,100,100
"100201",99.061,211,213,81.537,0.939,2,0,0,1781052720258,100000,100200,100201,NA,51475,48337,100,100
"100202",100,16,16,65.013,0,0,0,0,1781052720258,100000,100200,100202,NA,3027,2928,100,100
"100203",92.5,37,40,78.042,7.5,3,0,0,1781052720258,100000,100200,100203,NA,8946,8487,100,100
"100204",100,38,38,83.827,0,0,0,0,1781052720258,100000,100200,100204,NA,9221,8662,100,100
"100205",98.507,66,67,84.259,1.493,1,0,0,1781052720258,100000,100200,100205,NA,16738,15766,100,100
"100206",100,6,6,52.151,0,0,0,0,1781052720258,100000,100200,100206,NA,776,744,100,100
"100207",98.592,70,71,84.425,1.408,1,0,0,1781052720258,100000,100200,100207,NA,17725,16376,100,100
"100208",100,15,15,83.119,0,0,0,0,1781052720258,100000,100200,100208,NA,3550,3357,100,100
"100209",100,23,23,84.555,0,0,0,0,1781052720258,100000,100200,100209,NA,5666,5348,100,100
"100210",97.842,136,139,80.216,2.158,3,0,0,1781052720258,100000,100200,100210,NA,32940,31056,100,100
"100211",100,6,6,55.618,0,0,0,0,1781052720258,100000,100200,100211,NA,787,754,100,100
"100301",97.701,85,87,74.044,2.299,2,0,0,1781052720258,100000,100300,100301,NA,18637,17655,100,100
"100302",100,9,9,73.434,0,0,0,0,1781052720258,100000,100300,100302,NA,1758,1698,100,100
"100303",100,11,11,76.955,0,0,0,0,1781052720258,100000,100300,100303,NA,2401,2313,100,100
"100304",100,51,51,75.308,0,0,0,0,1781052720258,100000,100300,100304,NA,11202,10597,100,100
"100305",100,60,60,77.715,0,0,0,0,1781052720258,100000,100300,100305,NA,13576,12939,100,100
"100401",98.37,181,184,78.781,1.63,3,0,0,1781052720258,100000,100400,100401,NA,42686,39727,100,100
"100402",100,8,8,77.055,0,0,0,0,1781052720258,100000,100400,100402,NA,1659,1576,100,100
"100403",100,20,20,83.345,0,0,0,0,1781052720258,100000,100400,100403,NA,4679,4517,100,100
"100404",100,37,37,81.887,0,0,0,0,1781052720258,100000,100400,100404,NA,8816,8338,100,100
"100405",100,23,23,81.275,0,0,0,0,1781052720258,100000,100400,100405,NA,5369,5142,100,100
"100406",97.917,47,48,78.505,2.083,1,0,0,1781052720258,100000,100400,100406,NA,10935,10266,100,100
"100407",98.387,61,62,83.413,1.613,1,0,0,1781052720258,100000,100400,100407,NA,15086,14213,100,100
"100408",100,44,44,82.403,0,0,0,0,1781052720258,100000,100400,100408,NA,10691,10040,100,100
"100501",100,24,24,75.743,0,0,0,0,1781052720258,100000,100500,100501,NA,5199,4881,100,100
"100502",100,6,6,80.401,0,0,0,0,1781052720258,100000,100500,100502,NA,1243,1187,100,100
"100503",100,9,9,77.391,0,0,0,0,1781052720258,100000,100500,100503,NA,2023,1950,100,100
"100504",100,5,5,80.672,0,0,0,0,1781052720258,100000,100500,100504,NA,1056,1020,100,100
"100505",100,2,2,69.2,0,0,0,0,1781052720258,100000,100500,100505,NA,346,335,100,100
"110101",98.904,361,365,76.332,1.096,4,0,0,1781052720258,110000,110100,110101,NA,83181,78153,100,100
"110103",100,2,2,60.664,0,0,0,0,1781052720258,110000,110100,110103,NA,347,328,100,100
"110104",100,5,5,66.197,0,0,0,0,1781052720258,110000,110100,110104,NA,705,653,100,100
"110105",100,8,8,76.473,0,0,0,0,1781052720258,110000,110100,110105,NA,1765,1636,100,100
"110106",100,4,4,60.795,0,0,0,0,1781052720258,110000,110100,110106,NA,566,536,100,100
"110107",100,4,4,62.218,0,0,0,0,1781052720258,110000,110100,110107,NA,606,573,100,100
"110108",99.598,248,249,76.688,0.402,1,0,0,1781052720258,110000,110100,110108,NA,56497,53288,100,100
"110109",100,5,5,67.67,0,0,0,0,1781052720258,110000,110100,110109,NA,877,813,100,100
"110112",87.5,7,8,64.901,12.5,1,0,0,1781052720258,110000,110100,110112,NA,1409,1325,100,100
"110113",99.579,473,475,77.55,0.421,2,0,0,1781052720258,110000,110100,110113,NA,108934,102359,100,100
"110114",100,5,5,72.676,0,0,0,0,1781052720258,110000,110100,110114,NA,1024,945,100,100
"110116",100,17,17,77.584,0,0,0,0,1781052720258,110000,110100,110116,NA,3686,3458,100,100
"110118",100,54,54,79.487,0,0,0,0,1781052720258,110000,110100,110118,NA,12702,11998,100,100
"110119",100,3,3,56.967,0,0,0,0,1781052720258,110000,110100,110119,NA,417,399,100,100
"110120",100,32,32,73.766,0,0,0,0,1781052720258,110000,110100,110120,NA,6816,6400,100,100
"110121",100,8,8,74.129,0,0,0,0,1781052720258,110000,110100,110121,NA,1639,1504,100,100
"110122",100,24,24,50.854,0,0,0,0,1781052720258,110000,110100,110122,NA,3037,2867,100,100
"110123",96.667,58,60,74.338,3.333,2,0,0,1781052720258,110000,110100,110123,NA,13166,12356,100,100
"110124",100,18,18,76.051,0,0,0,0,1781052720258,110000,110100,110124,NA,3836,3606,100,100
"110125",100,6,6,70.087,0,0,0,0,1781052720258,110000,110100,110125,NA,1202,1134,100,100
"110126",100,14,14,73.587,0,0,0,0,1781052720258,110000,110100,110126,NA,2995,2801,100,100
"110127",100,44,44,77.589,0,0,0,0,1781052720258,110000,110100,110127,NA,10009,9381,100,100
"110128",100,36,36,76.426,0,0,0,0,1781052720258,110000,110100,110128,NA,8134,7643,100,100
"110131",100,20,20,43.263,0,0,0,0,1781052720258,110000,110100,110131,NA,2193,2065,100,100
"110132",100,17,17,78.319,0,0,0,0,1781052720258,110000,110100,110132,NA,3876,3662,100,100
"110133",100,66,66,77.793,0,0,0,0,1781052720258,110000,110100,110133,NA,14797,13861,100,100
"110134",100,31,31,77.038,0,0,0,0,1781052720258,110000,110100,110134,NA,6985,6594,100,100
"110136",100,8,8,73.925,0,0,0,0,1781052720258,110000,110100,110136,NA,1650,1550,100,100
"110201",100,46,46,76.844,0,0,0,0,1781052720258,110000,110200,110201,NA,10228,9527,100,100
"110202",100,6,6,70.874,0,0,0,0,1781052720258,110000,110200,110202,NA,1095,996,100,100
"110203",100,14,14,43.143,0,0,0,0,1781052720258,110000,110200,110203,NA,1771,1610,100,100
"110204",100,22,22,59.103,0,0,0,0,1781052720258,110000,110200,110204,NA,3415,3118,100,100
"110205",100,6,6,56.121,0,0,0,0,1781052720258,110000,110200,110205,NA,894,839,100,100
"110206",100,9,9,73.101,0,0,0,0,1781052720258,110000,110200,110206,NA,1867,1724,100,100
"110207",100,5,5,66.945,0,0,0,0,1781052720258,110000,110200,110207,NA,802,758,100,100
"110208",100,5,5,73.805,0,0,0,0,1781052720258,110000,110200,110208,NA,1065,1030,100,100
"110209",83.333,5,6,47.263,16.667,1,0,0,1781052720258,110000,110200,110209,NA,777,751,100,100
"110210",100,16,16,75.559,0,0,0,0,1781052720258,110000,110200,110210,NA,3512,3301,100,100
"110211",100,5,5,78.24,0,0,0,0,1781052720258,110000,110200,110211,NA,978,941,100,100
"110212",100,7,7,78.619,0,0,0,0,1781052720258,110000,110200,110212,NA,1423,1339,100,100
"110213",100,15,15,74.64,0,0,0,0,1781052720258,110000,110200,110213,NA,3161,2956,100,100
"110214",100,7,7,73.138,0,0,0,0,1781052720258,110000,110200,110214,NA,1326,1245,100,100
"110215",100,19,19,66.091,0,0,0,0,1781052720258,110000,110200,110215,NA,3403,3110,100,100
"110301",97.727,43,44,74.701,2.273,1,0,0,1781052720258,110000,110300,110301,NA,9682,8999,100,100
"110302",100,20,20,65.17,0,0,0,0,1781052720258,110000,110300,110302,NA,3817,3563,100,100
"110303",100,16,16,73.619,0,0,0,0,1781052720258,110000,110300,110303,NA,3226,2991,100,100
"110304",100,4,4,76.276,0,0,0,0,1781052720258,110000,110300,110304,NA,897,835,100,100
"110305",100,5,5,74.687,0,0,0,0,1781052720258,110000,110300,110305,NA,1015,959,100,100
"110306",100,8,8,74.845,0,0,0,0,1781052720258,110000,110300,110306,NA,1687,1575,100,100
"110307",100,6,6,77.706,0,0,0,0,1781052720258,110000,110300,110307,NA,1206,1121,100,100
"110308",100,4,4,71.84,0,0,0,0,1781052720258,110000,110300,110308,NA,699,635,100,100
"110309",100,8,8,78.107,0,0,0,0,1781052720258,110000,110300,110309,NA,1634,1498,100,100
"110310",100,3,3,63.785,0,0,0,0,1781052720258,110000,110300,110310,NA,428,393,100,100
"110311",100,4,4,74.454,0,0,0,0,1781052720258,110000,110300,110311,NA,682,646,100,100
"110312",100,5,5,76.247,0,0,0,0,1781052720258,110000,110300,110312,NA,1085,995,100,100
"110313",100,5,5,74.432,0,0,0,0,1781052720258,110000,110300,110313,NA,917,852,100,100
"110314",100,6,6,68.393,0,0,0,0,1781052720258,110000,110300,110314,NA,1043,984,100,100
"110315",100,7,7,71.531,0,0,0,0,1781052720258,110000,110300,110315,NA,1299,1190,100,100
"110316",100,6,6,73.371,0,0,0,0,1781052720258,110000,110300,110316,NA,1160,1058,100,100
"110317",100,5,5,67.772,0,0,0,0,1781052720258,110000,110300,110317,NA,940,877,100,100
"110318",100,4,4,74.279,0,0,0,0,1781052720258,110000,110300,110318,NA,670,628,100,100
"110319",100,7,7,74.189,0,0,0,0,1781052720258,110000,110300,110319,NA,1486,1408,100,100
"110320",100,4,4,68.238,0,0,0,0,1781052720258,110000,110300,110320,NA,666,617,100,100
"110321",100,6,6,72.75,0,0,0,0,1781052720258,110000,110300,110321,NA,1172,1107,100,100
"110322",100,6,6,78.814,0,0,0,0,1781052720258,110000,110300,110322,NA,1209,1154,100,100
"110323",100,5,5,73.013,0,0,0,0,1781052720258,110000,110300,110323,NA,928,863,100,100
"110324",100,5,5,67.087,0,0,0,0,1781052720258,110000,110300,110324,NA,958,893,100,100
"110325",100,4,4,56.511,0,0,0,0,1781052720258,110000,110300,110325,NA,664,616,100,100
"110326",100,8,8,75.5,0,0,0,0,1781052720258,110000,110300,110326,NA,1584,1501,100,100
"110327",100,3,3,70.197,0,0,0,0,1781052720258,110000,110300,110327,NA,464,446,100,100
"110328",100,12,12,74.871,0,0,0,0,1781052720258,110000,110300,110328,NA,2458,2250,100,100
"110329",100,4,4,69.017,0,0,0,0,1781052720258,110000,110300,110329,NA,695,660,100,100
"110330",100,4,4,71.88,0,0,0,0,1781052720258,110000,110300,110330,NA,841,803,100,100
"110331",100,4,4,73.871,0,0,0,0,1781052720258,110000,110300,110331,NA,834,791,100,100
"110332",100,3,3,75.105,0,0,0,0,1781052720258,110000,110300,110332,NA,537,501,100,100
"110333",100,9,9,76.568,0,0,0,0,1781052720258,110000,110300,110333,NA,1856,1741,100,100
"110334",95.833,23,24,73.727,4.167,1,0,0,1781052720258,110000,110300,110334,NA,5228,4879,100,100
"110401",100,29,29,71.895,0,0,0,0,1781052720258,110000,110400,110401,NA,6106,5607,100,100
"110402",100,14,14,69.37,0,0,0,0,1781052720258,110000,110400,110402,NA,2788,2587,100,100
"110403",100,6,6,63.642,0,0,0,0,1781052720258,110000,110400,110403,NA,1031,950,100,100
"110404",100,15,15,54.222,0,0,0,0,1781052720258,110000,110400,110404,NA,2350,2185,100,100
"110501",96.992,129,133,74.14,3.008,4,0,0,1781052720258,110000,110500,110501,NA,29045,26818,100,100
"110502",100,28,28,75.459,0,0,0,0,1781052720258,110000,110500,110502,NA,6085,5559,100,100
"110503",100,7,7,71.188,0,0,0,0,1781052720258,110000,110500,110503,NA,1396,1289,100,100
"110504",100,28,28,74.448,0,0,0,0,1781052720258,110000,110500,110504,NA,6098,5604,100,100
"110505",100,10,10,78.266,0,0,0,0,1781052720258,110000,110500,110505,NA,2157,2026,100,100
"110506",100,19,19,74.235,0,0,0,0,1781052720258,110000,110500,110506,NA,3976,3681,100,100
"110507",100,12,12,72.405,0,0,0,0,1781052720258,110000,110500,110507,NA,2393,2164,100,100
"110508",100,12,12,60.655,0,0,0,0,1781052720258,110000,110500,110508,NA,2001,1816,100,100
"110509",100,13,13,69.613,0,0,0,0,1781052720258,110000,110500,110509,NA,2536,2359,100,100
"110601",100,39,39,72.336,0,0,0,0,1781052720258,110000,110600,110601,NA,8391,7851,100,100
"110602",100,3,3,69.762,0,0,0,0,1781052720258,110000,110600,110602,NA,586,557,100,100
"110603",100,4,4,77.408,0,0,0,0,1781052720258,110000,110600,110603,NA,884,829,100,100
"110604",100,6,6,47.051,0,0,0,0,1781052720258,110000,110600,110604,NA,718,673,100,100
"110605",100,12,12,63.792,0,0,0,0,1781052720258,110000,110600,110605,NA,2093,1970,100,100
"110606",100,5,5,76.432,0,0,0,0,1781052720258,110000,110600,110606,NA,1054,994,100,100
"110607",100,3,3,66.933,0,0,0,0,1781052720258,110000,110600,110607,NA,502,473,100,100
"110608",100,3,3,72.956,0,0,0,0,1781052720258,110000,110600,110608,NA,580,528,100,100
"110609",88.889,8,9,60.671,11.111,1,0,0,1781052720258,110000,110600,110609,NA,1609,1481,100,100
"110610",100,21,21,74.015,0,0,0,0,1781052720258,110000,110600,110610,NA,4526,4237,100,100
"110701",99.029,102,103,70.365,0.971,1,0,0,1781052720258,110000,110700,110701,NA,21132,19666,100,100
"110702",100,16,16,73.726,0,0,0,0,1781052720258,110000,110700,110702,NA,3401,3187,100,100
"110703",100,15,15,71.692,0,0,0,0,1781052720258,110000,110700,110703,NA,3110,2925,100,100
"110704",98.611,71,72,66.622,1.389,1,0,0,1781052720258,110000,110700,110704,NA,13952,13007,100,100
"110705",100,15,15,64.419,0,0,0,0,1781052720258,110000,110700,110705,NA,2580,2424,100,100
"110706",98.742,157,159,64.461,1.258,2,0,0,1781052720258,110000,110700,110706,NA,28849,26837,100,100
"110707",98.485,65,66,65.581,1.515,1,0,0,1781052720258,110000,110700,110707,NA,12760,11921,100,100
"110708",97.674,84,86,44.629,2.326,2,0,0,1781052720258,110000,110700,110708,NA,10325,9449,100,100
"110709",92.308,12,13,49.494,7.692,1,0,0,1781052720258,110000,110700,110709,NA,1760,1713,100,100
"110801",100,88,88,72.157,0,0,0,0,1781052720258,110000,110800,110801,NA,18631,17359,100,100
"110802",97.403,75,77,69.821,2.597,2,0,0,1781052720258,110000,110800,110802,NA,15547,14531,100,100
"110803",100,8,8,64.905,0,0,0,0,1781052720258,110000,110800,110803,NA,1339,1259,100,100
"110804",100,19,19,66.49,0,0,0,0,1781052720258,110000,110800,110804,NA,3389,3144,100,100
"110805",98.551,136,138,67.345,1.449,2,0,0,1781052720258,110000,110800,110805,NA,26893,25054,100,100
"110806",98.675,149,151,61.4,1.325,2,0,0,1781052720258,110000,110800,110806,NA,26222,24348,100,100
"110901",100,79,79,75.765,0,0,0,0,1781052720258,110000,110900,110901,NA,17423,16403,100,100
"110902",100,23,23,73.663,0,0,0,0,1781052720258,110000,110900,110902,NA,4959,4579,100,100
"110903",100,15,15,72.501,0,0,0,0,1781052720258,110000,110900,110903,NA,3061,2865,100,100
"110904",100,11,11,73.655,0,0,0,0,1781052720258,110000,110900,110904,NA,2231,2087,100,100
"110905",100,23,23,80.24,0,0,0,0,1781052720258,110000,110900,110905,NA,5474,5177,100,100
"110906",100,9,9,72.271,0,0,0,0,1781052720258,110000,110900,110906,NA,1814,1735,100,100
"110907",100,10,10,67.538,0,0,0,0,1781052720258,110000,110900,110907,NA,1887,1711,100,100
"110908",100,10,10,80.661,0,0,0,0,1781052720258,110000,110900,110908,NA,2294,2191,100,100
"110909",100,10,10,66.243,0,0,0,0,1781052720258,110000,110900,110909,NA,1774,1661,100,100
"120101",98.611,994,1008,74.718,1.389,14,0,0,1781052720258,120000,120100,120101,NA,225067,210075,100,100
"120102",98.515,199,202,74.745,1.485,3,0,0,1781052720258,120000,120100,120102,NA,44604,41211,100,100
"120103",99.115,112,113,78.062,0.885,1,0,0,1781052720258,120000,120100,120103,NA,26040,24190,100,100
"120104",100,114,114,80.183,0,0,0,0,1781052720258,120000,120100,120104,NA,27077,25181,100,100
"120105",100,57,57,76.369,0,0,0,0,1781052720258,120000,120100,120105,NA,12775,11738,100,100
"120106",100,15,15,78.502,0,0,0,0,1781052720258,120000,120100,120106,NA,3374,3110,100,100
"120107",98.122,209,213,74.803,1.878,4,0,0,1781052720258,120000,120100,120107,NA,47204,44308,100,100
"120109",100,14,14,81.838,0,0,0,0,1781052720258,120000,120100,120109,NA,3010,2813,100,100
"120110",99.742,387,388,76.852,0.258,1,0,0,1781052720258,120000,120100,120110,NA,88938,81945,100,100
"120111",100,481,481,76.977,0,0,0,0,1781052720258,120000,120100,120111,NA,110530,102284,100,100
"120112",100,173,173,78.651,0,0,0,0,1781052720258,120000,120100,120112,NA,40264,37240,100,100
"120201",100,12,12,46.779,0,0,0,0,1781052720258,120000,120200,120201,NA,1525,1406,100,100
"120202",100,10,10,42.077,0,0,0,0,1781052720258,120000,120200,120202,NA,1240,1129,100,100
"120203",100,7,7,37.669,0,0,0,0,1781052720258,120000,120200,120203,NA,669,618,100,100
"120204",100,7,7,52.237,0,0,0,0,1781052720258,120000,120200,120204,NA,934,883,100,100
"120205",100,5,5,42.964,0,0,0,0,1781052720258,120000,120200,120205,NA,519,494,100,100
"120206",100,7,7,55.218,0,0,0,0,1781052720258,120000,120200,120206,NA,1037,971,100,100
"120301",100,178,178,74.674,0,0,0,0,1781052720258,120000,120300,120301,NA,39156,35418,100,100
"120302",100,27,27,46.022,0,0,0,0,1781052720258,120000,120300,120302,NA,3523,3269,100,100
"120303",100,25,25,71.008,0,0,0,0,1781052720258,120000,120300,120303,NA,5087,4712,100,100
"120304",100,54,54,52.052,0,0,0,0,1781052720258,120000,120300,120304,NA,7710,6984,100,100
"120305",97.222,35,36,62.096,2.778,1,0,0,1781052720258,120000,120300,120305,NA,6548,6011,100,100
"120306",100,41,41,57.964,0,0,0,0,1781052720258,120000,120300,120306,NA,6707,5781,100,100
"120307",100,28,28,56.882,0,0,0,0,1781052720258,120000,120300,120307,NA,4488,4100,100,100
"120308",100,39,39,41.521,0,0,0,0,1781052720258,120000,120300,120308,NA,4664,4110,100,100
"120401",100,80,80,75.776,0,0,0,0,1781052720258,120000,120400,120401,NA,17671,15987,100,100
"120402",100,24,24,69.081,0,0,0,0,1781052720258,120000,120400,120402,NA,4540,4219,100,100
"120403",100,9,9,59.338,0,0,0,0,1781052720258,120000,120400,120403,NA,1452,1355,100,100
"120404",93.75,15,16,53.313,6.25,1,0,0,1781052720258,120000,120400,120404,NA,2430,2265,100,100
"120405",100,4,4,63.033,0,0,0,0,1781052720258,120000,120400,120405,NA,636,603,100,100
"120408",100,3,3,51.314,0,0,0,0,1781052720258,120000,120400,120408,NA,449,419,100,100
"120409",100,18,18,62.714,0,0,0,0,1781052720258,120000,120400,120409,NA,2930,2744,100,100
"120410",100,27,27,47.745,0,0,0,0,1781052720258,120000,120400,120410,NA,3525,3244,100,100
"120411",100,71,71,58.223,0,0,0,0,1781052720258,120000,120400,120411,NA,11637,10434,100,100
"120413",100,11,11,67.754,0,0,0,0,1781052720258,120000,120400,120413,NA,2139,1985,100,100
"120501",98.077,51,52,75.635,1.923,1,0,0,1781052720258,120000,120500,120501,NA,11442,10629,100,100
"120503",100,106,106,74.395,0,0,0,0,1781052720258,120000,120500,120503,NA,23253,21540,100,100
"120504",100,12,12,77.143,0,0,0,0,1781052720258,120000,120500,120504,NA,2592,2352,100,100
"120506",100,87,87,77.172,0,0,0,0,1781052720258,120000,120500,120506,NA,19692,18255,100,100
"120508",100,35,35,75.801,0,0,0,0,1781052720258,120000,120500,120508,NA,7756,7150,100,100
"120601",100,40,40,63.79,0,0,0,0,1781052720258,120000,120600,120601,NA,7059,6423,100,100
"120602",100,11,11,58.954,0,0,0,0,1781052720258,120000,120600,120602,NA,1916,1780,100,100
"120603",100,36,36,56.903,0,0,0,0,1781052720258,120000,120600,120603,NA,5803,5176,100,100
"120604",100,5,5,58.598,0,0,0,0,1781052720258,120000,120600,120604,NA,702,650,100,100
"120605",100,18,18,58.877,0,0,0,0,1781052720258,120000,120600,120605,NA,2716,2395,100,100
"120606",100,12,12,50.684,0,0,0,0,1781052720258,120000,120600,120606,NA,1631,1504,100,100
"120607",100,6,6,33.736,0,0,0,0,1781052720258,120000,120600,120607,NA,530,445,100,100
"120608",100,41,41,57.088,0,0,0,0,1781052720258,120000,120600,120608,NA,6850,6186,100,100
"120609",100,24,24,48.288,0,0,0,0,1781052720258,120000,120600,120609,NA,3300,3079,100,100
"120610",100,6,6,56.173,0,0,0,0,1781052720258,120000,120600,120610,NA,869,825,100,100
"120611",100,8,8,55.512,0,0,0,0,1781052720258,120000,120600,120611,NA,1274,1209,100,100
"120612",100,9,9,56.85,0,0,0,0,1781052720258,120000,120600,120612,NA,1357,1242,100,100
"120613",100,7,7,55.347,0,0,0,0,1781052720258,120000,120600,120613,NA,1030,943,100,100
"120701",100,60,60,65.461,0,0,0,0,1781052720258,120000,120700,120701,NA,11332,10298,100,100
"120702",100,15,15,65.594,0,0,0,0,1781052720258,120000,120700,120702,NA,2772,2615,100,100
"120703",100,6,6,58.372,0,0,0,0,1781052720258,120000,120700,120703,NA,882,812,100,100
"120704",100,8,8,53.984,0,0,0,0,1781052720258,120000,120700,120704,NA,1206,1114,100,100
"120705",100,31,31,64.325,0,0,0,0,1781052720258,120000,120700,120705,NA,5530,4976,100,100
"120706",100,9,9,57.436,0,0,0,0,1781052720258,120000,120700,120706,NA,1429,1326,100,100
"120707",100,12,12,47.537,0,0,0,0,1781052720258,120000,120700,120707,NA,1486,1393,100,100
"120708",100,14,14,60.339,0,0,0,0,1781052720258,120000,120700,120708,NA,2349,2087,100,100
"120801",100,23,23,73.736,0,0,0,0,1781052720258,120000,120800,120801,NA,4857,4501,100,100
"120802",97.917,47,48,74.019,2.083,1,0,0,1781052720258,120000,120800,120802,NA,10259,9289,100,100
"120803",100,33,33,76.651,0,0,0,0,1781052720258,120000,120800,120803,NA,7324,6764,100,100
"120804",100,55,55,78.229,0,0,0,0,1781052720258,120000,120800,120804,NA,12415,11589,100,100
"120805",100,8,8,77.935,0,0,0,0,1781052720258,120000,120800,120805,NA,1812,1711,100,100
"120806",98.63,72,73,77.596,1.37,1,0,0,1781052720258,120000,120800,120806,NA,16535,15301,100,100
"120807",100,23,23,77.979,0,0,0,0,1781052720258,120000,120800,120807,NA,5163,4731,100,100
"120808",98.765,80,81,76.389,1.235,1,0,0,1781052720258,120000,120800,120808,NA,17950,16586,100,100
"120901",99.324,147,148,75.233,0.676,1,0,0,1781052720258,120000,120900,120901,NA,32867,30624,100,100
"120902",100,55,55,75.892,0,0,0,0,1781052720258,120000,120900,120902,NA,12318,11348,100,100
"120903",100,37,37,75.007,0,0,0,0,1781052720258,120000,120900,120903,NA,8160,7544,100,100
"121001",100,36,36,66.091,0,0,0,0,1781052720258,120000,121000,121001,NA,6849,6211,100,100
"121002",100,20,20,67.541,0,0,0,0,1781052720258,120000,121000,121002,NA,3862,3603,100,100
"121003",100,20,20,54.693,0,0,0,0,1781052720258,120000,121000,121003,NA,2855,2631,100,100
"121004",100,18,18,53.602,0,0,0,0,1781052720258,120000,121000,121004,NA,2768,2596,100,100
"121101",97.674,42,43,68.268,2.326,1,0,0,1781052720258,120000,121100,121101,NA,8569,7881,100,100
"121102",100,13,13,55.486,0,0,0,0,1781052720258,120000,121100,121102,NA,2033,1884,100,100
"121103",75,6,8,39.641,25,2,0,0,1781052720258,120000,121100,121103,NA,817,760,100,100
"121104",100,19,19,55.401,0,0,0,0,1781052720258,120000,121100,121104,NA,2990,2678,100,100
"121201",98.765,160,162,76.065,1.235,2,0,0,1781052720258,120000,121200,121201,NA,36595,33533,100,100
"121202",100,102,102,77.216,0,0,0,0,1781052720258,120000,121200,121202,NA,23323,21325,100,100
"121203",100,19,19,78.605,0,0,0,0,1781052720258,120000,121200,121203,NA,4372,4000,100,100
"130101",99.202,870,877,75.686,0.798,7,0,0,1781052720258,130000,130100,130101,NA,196417,181438,100,100
"130102",100,54,54,75.488,0,0,0,0,1781052720258,130000,130100,130102,NA,11752,10931,100,100
"130103",97.059,33,34,77.538,2.941,1,0,0,1781052720258,130000,130100,130103,NA,7798,7373,100,100
"130104",100,8,8,75.154,0,0,0,0,1781052720258,130000,130100,130104,NA,1703,1592,100,100
"130105",100,29,29,74.315,0,0,0,0,1781052720258,130000,130100,130105,NA,6212,5725,100,100
"130106",100,105,105,80.259,0,0,0,0,1781052720258,130000,130100,130106,NA,24744,22741,100,100
"130107",100,8,8,75.586,0,0,0,0,1781052720258,130000,130100,130107,NA,1740,1647,100,100
"130108",100,24,24,75.39,0,0,0,0,1781052720258,130000,130100,130108,NA,5266,4951,100,100
"130109",100,25,25,79.305,0,0,0,0,1781052720258,130000,130100,130109,NA,5817,5331,100,100
"130110",98.969,96,97,77.962,1.031,1,0,0,1781052720258,130000,130100,130110,NA,22354,20783,100,100
"130111",100,46,46,79.056,0,0,0,0,1781052720258,130000,130100,130111,NA,10697,9925,100,100
"130112",100,477,477,76.913,0,0,0,0,1781052720258,130000,130100,130112,NA,109632,101449,100,100
"130113",100,35,35,76.262,0,0,0,0,1781052720258,130000,130100,130113,NA,7768,7175,100,100
"130114",100,29,29,71.771,0,0,0,0,1781052720258,130000,130100,130114,NA,5746,5339,100,100
"130115",99.609,255,256,78.62,0.391,1,0,0,1781052720258,130000,130100,130115,NA,59391,55201,100,100
"130116",100,46,46,74.407,0,0,0,0,1781052720258,130000,130100,130116,NA,9882,9274,100,100
"130117",100,62,62,77.931,0,0,0,0,1781052720258,130000,130100,130117,NA,13994,13091,100,100
"130118",100,74,74,78.233,0,0,0,0,1781052720258,130000,130100,130118,NA,17004,15083,100,100
"130119",100,24,24,74.799,0,0,0,0,1781052720258,130000,130100,130119,NA,5123,4823,100,100
"130120",100,81,81,76.208,0,0,0,0,1781052720258,130000,130100,130120,NA,18053,16179,100,100
"130201",99.01,100,101,76.576,0.99,1,0,0,1781052720258,130000,130200,130201,NA,22782,21235,100,100
"130202",100,45,45,50.734,0,0,0,0,1781052720258,130000,130200,130202,NA,6459,5869,100,100
"130203",100,46,46,44.581,0,0,0,0,1781052720258,130000,130200,130203,NA,5265,4715,100,100
"130204",100,60,60,73.707,0,0,0,0,1781052720258,130000,130200,130204,NA,12926,12070,100,100
"130205",100,40,40,79.621,0,0,0,0,1781052720258,130000,130200,130205,NA,9400,8665,100,100
"130206",100,13,13,79.594,0,0,0,0,1781052720258,130000,130200,130206,NA,2941,2734,100,100
"130301",99.512,204,205,78.276,0.488,1,0,0,1781052720258,130000,130300,130301,NA,47281,43295,100,100
"130302",100,6,6,74.276,0,0,0,0,1781052720258,130000,130300,130302,NA,1282,1182,100,100
"130303",100,30,30,76.995,0,0,0,0,1781052720258,130000,130300,130303,NA,6610,6331,100,100
"130304",100,54,54,79.702,0,0,0,0,1781052720258,130000,130300,130304,NA,12408,11563,100,100
"130305",100,57,57,78.588,0,0,0,0,1781052720258,130000,130300,130305,NA,12938,11870,100,100
"130306",100,133,133,77.925,0,0,0,0,1781052720258,130000,130300,130306,NA,30306,28122,100,100
"130307",100,86,86,77.589,0,0,0,0,1781052720258,130000,130300,130307,NA,19152,17778,100,100
"130308",99.281,138,139,77.113,0.719,1,0,0,1781052720258,130000,130300,130308,NA,30543,28055,100,100
"130309",100,23,23,77.262,0,0,0,0,1781052720258,130000,130300,130309,NA,5192,4923,100,100
"130310",100,48,48,65.005,0,0,0,0,1781052720258,130000,130300,130310,NA,8385,7749,100,100
"130311",100,44,44,76.917,0,0,0,0,1781052720258,130000,130300,130311,NA,9960,9274,100,100
"130312",100,69,69,79.122,0,0,0,0,1781052720258,130000,130300,130312,NA,16076,14935,100,100
"140101",96.602,995,1030,73.867,3.398,35,0,0,1781052720258,140000,140100,140101,NA,224072,209606,100,100
"140102",98.171,161,164,76.241,1.829,3,0,0,1781052720258,140000,140100,140102,NA,36756,34494,100,100
"140103",88.848,1466,1650,70.536,11.152,184,0,0,1781052720258,140000,140100,140103,NA,344886,324164,100,100
"140104",97.746,347,355,77.223,2.254,8,0,0,1781052720258,140000,140100,140104,NA,80449,75254,100,100
"140105",98.48,842,855,78.354,1.52,13,0,0,1781052720258,140000,140100,140105,NA,198051,185052,100,100
"140106",97.522,1456,1493,77.268,2.478,37,0,0,1781052720258,140000,140100,140106,NA,344712,322487,100,100
"140107",99.281,138,139,76.977,0.719,1,0,0,1781052720258,140000,140100,140107,NA,31523,29518,100,100
"140108",95.759,858,896,77.207,4.241,38,0,0,1781052720258,140000,140100,140108,NA,206746,194107,100,100
"140109",96.262,618,642,74.472,3.738,24,0,0,1781052720258,140000,140100,140109,NA,142937,134380,100,100
"140110",97.723,558,571,76.202,2.277,13,0,0,1781052720258,140000,140100,140110,NA,129903,123117,100,100
"140111",94.898,279,294,72.716,5.102,15,0,0,1781052720258,140000,140100,140111,NA,62849,58990,100,100
"140112",99.088,543,548,76.024,0.912,5,0,0,1781052720258,140000,140100,140112,NA,122626,114989,100,100
"140113",98.785,244,247,80.426,1.215,3,0,0,1781052720258,140000,140100,140113,NA,58664,55307,100,100
"140114",95.294,243,255,74.784,4.706,12,0,0,1781052720258,140000,140100,140114,NA,56810,53615,100,100
"140115",96.667,464,480,70.188,3.333,16,0,0,1781052720258,140000,140100,140115,NA,99710,94583,100,100
"140116",99.365,313,315,79.897,0.635,2,0,0,1781052720258,140000,140100,140116,NA,74136,69943,100,100
"140117",96.439,325,337,74.998,3.561,12,0,0,1781052720258,140000,140100,140117,NA,74479,70100,100,100
"140118",93.182,41,44,75.17,6.818,3,0,0,1781052720258,140000,140100,140118,NA,9636,9170,100,100
"140119",98.425,875,889,78.58,1.575,14,0,0,1781052720258,140000,140100,140119,NA,206703,193286,100,100
"140120",100,32,32,80.839,0,0,0,0,1781052720258,140000,140100,140120,NA,7687,7331,100,100
"140121",96,24,25,76.257,4,1,0,0,1781052720258,140000,140100,140121,NA,5553,5317,100,100
"140122",97.531,553,567,76.53,2.469,14,0,0,1781052720258,140000,140100,140122,NA,127833,119604,100,100
"140123",95.833,23,24,76.645,4.167,1,0,0,1781052720258,140000,140100,140123,NA,5323,5054,100,100
"140124",97.865,275,281,71.69,2.135,6,0,0,1781052720258,140000,140100,140124,NA,60154,57380,100,100
"140125",96.026,145,151,74.004,3.974,6,0,0,1781052720258,140000,140100,140125,NA,32914,30987,100,100
"140126",97.33,1750,1798,76.744,2.67,48,0,0,1781052720258,140000,140100,140126,NA,407852,382088,100,100
"140127",96.429,486,504,75.327,3.571,18,0,0,1781052720258,140000,140100,140127,NA,113483,106951,100,100
"140128",100,6,6,80.301,0,0,0,0,1781052720258,140000,140100,140128,NA,1227,1180,100,100
"140129",95.522,64,67,74.496,4.478,3,0,0,1781052720258,140000,140100,140129,NA,14584,13656,100,100
"140130",95.439,1130,1184,73.413,4.561,54,0,0,1781052720258,140000,140100,140130,NA,257042,243708,100,100
"140131",98.516,332,337,77.637,1.484,5,0,0,1781052720258,140000,140100,140131,NA,78191,73711,100,100
"140132",97.18,1206,1241,77.78,2.82,35,0,0,1781052720258,140000,140100,140132,NA,285464,266849,100,100
"140133",95.824,413,431,74.367,4.176,18,0,0,1781052720258,140000,140100,140133,NA,94345,88865,100,100
"140134",96.975,577,595,77.902,3.025,18,0,0,1781052720258,140000,140100,140134,NA,138478,129250,100,100
"140135",96.503,552,572,77.375,3.497,20,0,0,1781052720258,140000,140100,140135,NA,130571,122598,100,100
"140136",96.054,1071,1115,77.136,3.946,44,0,0,1781052720258,140000,140100,140136,NA,256933,240579,100,100
"140137",97.23,2668,2744,78.457,2.77,76,0,0,1781052720258,140000,140100,140137,NA,637613,598019,100,100
"140138",98.953,189,191,79.547,1.047,2,0,0,1781052720258,140000,140100,140138,NA,44890,42423,100,100
"140139",100,103,103,81.705,0,0,0,0,1781052720258,140000,140100,140139,NA,24938,23495,100,100
"140140",95.952,403,420,74.073,4.048,17,0,0,1781052720258,140000,140100,140140,NA,92995,88674,100,100
"140141",97.764,1137,1163,80.393,2.236,26,0,0,1781052720258,140000,140100,140141,NA,279322,261234,100,100
"140142",98.576,969,983,79.707,1.424,14,0,0,1781052720258,140000,140100,140142,NA,234142,219444,100,100
"140143",96.825,610,630,79.3,3.175,20,0,0,1781052720258,140000,140100,140143,NA,149161,140318,100,100
"140201",100,6,6,58.124,0,0,0,0,1781052720258,140000,140200,140201,NA,973,882,100,100
"140205",100,4,4,50.823,0,0,0,0,1781052720258,140000,140200,140205,NA,525,481,100,100
"140206",100,6,6,55.184,0,0,0,0,1781052720258,140000,140200,140206,NA,809,762,100,100
"140207",100,4,4,54.072,0,0,0,0,1781052720258,140000,140200,140207,NA,478,435,100,100
"140208",100,4,4,61.64,0,0,0,0,1781052720258,140000,140200,140208,NA,609,593,100,100
"140301",100,10,10,73.01,0,0,0,0,1781052720258,140000,140300,140301,NA,2064,1981,100,100
"140302",100,3,3,71.256,0,0,0,0,1781052720258,140000,140300,140302,NA,590,565,100,100
"140303",100,3,3,64.115,0,0,0,0,1781052720258,140000,140300,140303,NA,511,493,100,100
"140304",100,4,4,73.11,0,0,0,0,1781052720258,140000,140300,140304,NA,677,638,100,100
"140305",75,3,4,50.588,25,1,0,0,1781052720258,140000,140300,140305,NA,516,485,100,100
"140306",100,2,2,73.253,0,0,0,0,1781052720258,140000,140300,140306,NA,367,354,100,100
"140307",100,21,21,81.867,0,0,0,0,1781052720258,140000,140300,140307,NA,4849,4365,100,100
"140401",99.346,152,153,79.296,0.654,1,0,0,1781052720258,140000,140400,140401,NA,35584,33293,100,100
"140402",100,7,7,84.19,0,0,0,0,1781052720258,140000,140400,140402,NA,1720,1597,100,100
"140403",100,23,23,81.558,0,0,0,0,1781052720258,140000,140400,140403,NA,5351,5019,100,100
"140404",100,5,5,81.158,0,0,0,0,1781052720258,140000,140400,140404,NA,1163,1124,100,100
"140405",100,56,56,83.541,0,0,0,0,1781052720258,140000,140400,140405,NA,13720,13012,100,100
"140406",97.222,105,108,79.164,2.778,3,0,0,1781052720258,140000,140400,140406,NA,25183,23609,100,100
"140407",100,13,13,79.842,0,0,0,0,1781052720258,140000,140400,140407,NA,2923,2719,100,100
"140408",100,85,85,83.96,0,0,0,0,1781052720258,140000,140400,140408,NA,21084,19767,100,100
"140409",100,66,66,83.288,0,0,0,0,1781052720258,140000,140400,140409,NA,15774,14799,100,100
"140410",100,6,6,78.487,0,0,0,0,1781052720258,140000,140400,140410,NA,1328,1268,100,100
"140411",100,46,46,81.882,0,0,0,0,1781052720258,140000,140400,140411,NA,11000,10405,100,100
"140412",100,12,12,86.197,0,0,0,0,1781052720258,140000,140400,140412,NA,2935,2800,100,100
"140413",97.368,37,38,81.275,2.632,1,0,0,1781052720258,140000,140400,140413,NA,8915,8363,100,100
"140414",100,8,8,86.292,0,0,0,0,1781052720258,140000,140400,140414,NA,2027,1927,100,100
"140415",100,4,4,74.103,0,0,0,0,1781052720258,140000,140400,140415,NA,867,826,100,100
"140416",97.368,37,38,82.52,2.632,1,0,0,1781052720258,140000,140400,140416,NA,9102,8652,100,100
"140501",98.958,190,192,72.529,1.042,2,0,0,1781052720258,140000,140500,140501,NA,41107,38285,100,100
"140502",100,8,8,59.848,0,0,0,0,1781052720258,140000,140500,140502,NA,1337,1271,100,100
"140504",94.444,17,18,75.391,5.556,1,0,0,1781052720258,140000,140500,140504,NA,3903,3644,100,100
"140505",100,3,3,59.812,0,0,0,0,1781052960160,140000,140500,140505,NA,509,475,100,100
"140506",100,75,75,80.924,0,0,0,0,1781052960160,140000,140500,140506,NA,17834,16601,100,100
"140507",97.917,94,96,78.608,2.083,2,0,0,1781052960160,140000,140500,140507,NA,22235,20764,100,100
"140508",100,8,8,66.11,0,0,0,0,1781052960160,140000,140500,140508,NA,1307,1242,100,100
"140509",100,6,6,56.373,0,0,0,0,1781052960160,140000,140500,140509,NA,942,897,100,100
"140511",100,4,4,59.962,0,0,0,0,1781052960160,140000,140500,140511,NA,632,605,100,100
"140512",98.131,105,107,78.419,1.869,2,0,0,1781052960160,140000,140500,140512,NA,24763,23301,100,100
"140513",98.462,64,65,77.23,1.538,1,0,0,1781052960160,140000,140500,140513,NA,14791,13861,100,100
"140516",100,73,73,80.84,0,0,0,0,1781052960160,140000,140500,140516,NA,17467,16326,100,100
"140601",100,15,15,76.213,0,0,0,0,1781052720258,140000,140600,140601,NA,3361,3159,100,100
"140602",100,6,6,75.563,0,0,0,0,1781052720258,140000,140600,140602,NA,1141,1090,100,100
"140603",100,3,3,78.338,0,0,0,0,1781052720258,140000,140600,140603,NA,622,592,100,100
"140604",100,2,2,67.742,0,0,0,0,1781052720258,140000,140600,140604,NA,273,262,100,100
"140605",100,4,4,75.629,0,0,0,0,1781052720258,140000,140600,140605,NA,782,742,100,100
"140606",100,3,3,68.175,0,0,0,0,1781052720258,140000,140600,140606,NA,467,450,100,100
"140607",100,6,6,61.67,0,0,0,0,1781052720258,140000,140600,140607,NA,1078,1027,100,100
"140608",100,3,3,62.678,0,0,0,0,1781052720258,140000,140600,140608,NA,440,419,100,100
"140609",100,5,5,58.887,0,0,0,0,1781052720258,140000,140600,140609,NA,825,769,100,100
"140610",100,3,3,62.295,0,0,0,0,1781052720258,140000,140600,140610,NA,380,362,100,100
"140611",100,4,4,61.513,0,0,0,0,1781052720258,140000,140600,140611,NA,561,518,100,100
"140612",100,5,5,64.469,0,0,0,0,1781052720258,140000,140600,140612,NA,880,839,100,100
"140613",100,21,21,76.255,0,0,0,0,1781052720258,140000,140600,140613,NA,4724,4475,100,100
"140614",100,5,5,59.409,0,0,0,0,1781052720258,140000,140600,140614,NA,824,781,100,100
"140615",94.815,128,135,70.71,5.185,7,0,0,1781052720258,140000,140600,140615,NA,28255,26515,100,100
"140616",75,3,4,60.288,25,1,0,0,1781052720258,140000,140600,140616,NA,671,631,100,100
"140617",100,5,5,60.171,0,0,0,0,1781052720258,140000,140600,140617,NA,843,800,100,100
"140618",100,2,2,66.102,0,0,0,0,1781052720258,140000,140600,140618,NA,390,373,100,100
"140619",50,1,2,41.026,50,1,0,0,1781052720258,140000,140600,140619,NA,144,136,100,100
"140620",100,5,5,59.144,0,0,0,0,1781052720258,140000,140600,140620,NA,705,669,100,100
"140621",100,13,13,74.31,0,0,0,0,1781052720258,140000,140600,140621,NA,2800,2628,100,100
"140622",100,7,7,79.04,0,0,0,0,1781052720258,140000,140600,140622,NA,1399,1328,100,100
"140623",100,1,1,49.393,0,0,0,0,1781052720258,140000,140600,140623,NA,122,118,100,100
"140624",100,8,8,80.821,0,0,0,0,1781052720258,140000,140600,140624,NA,1753,1668,100,100
"140625",100,37,37,78.538,0,0,0,0,1781052720258,140000,140600,140625,NA,8424,7940,100,100
"140626",100,2,2,52.321,0,0,0,0,1781052720258,140000,140600,140626,NA,248,227,100,100
"140627",100,2,2,75.993,0,0,0,0,1781052720258,140000,140600,140627,NA,440,429,100,100
"140628",100,21,21,56.688,0,0,0,0,1781052720258,140000,140600,140628,NA,3077,2971,100,100
"140629",100,6,6,78.623,0,0,0,0,1781052720258,140000,140600,140629,NA,1302,1225,100,100
"140630",100,3,3,60.028,0,0,0,0,1781052720258,140000,140600,140630,NA,428,412,100,100
"140631",100,2,2,63.333,0,0,0,0,1781052720258,140000,140600,140631,NA,228,224,100,100
"140632",100,2,2,60.074,0,0,0,0,1781052720258,140000,140600,140632,NA,325,312,100,100
"140701",100,5,5,58.587,0,0,0,0,1781052960160,140000,140700,140701,NA,771,722,100,100
"140702",100,2,2,57.848,0,0,0,0,1781052960160,140000,140700,140702,NA,328,315,100,100
"140703",100,6,6,58.095,0,0,0,0,1781052960160,140000,140700,140703,NA,933,906,100,100
"140704",100,2,2,57.114,0,0,0,0,1781052960160,140000,140700,140704,NA,281,262,100,100
"140705",100,4,4,36.292,0,0,0,0,1781052960160,140000,140700,140705,NA,323,306,100,100
"140706",100,2,2,59.933,0,0,0,0,1781052960160,140000,140700,140706,NA,356,343,100,100
"140707",100,2,2,39.799,0,0,0,0,1781052960160,140000,140700,140707,NA,119,113,100,100
"140708",100,1,1,67.094,0,0,0,0,1781052960160,140000,140700,140708,NA,157,145,100,100
"140709",100,8,8,57.537,0,0,0,0,1781052960160,140000,140700,140709,NA,1000,948,100,100
"140710",100,7,7,63.325,0,0,0,0,1781052960160,140000,140700,140710,NA,1036,989,100,100
"140711",100,3,3,39.553,0,0,0,0,1781052960160,140000,140700,140711,NA,248,221,100,100
"140712",100,3,3,57.036,0,0,0,0,1781052960160,140000,140700,140712,NA,304,296,100,100
"140713",100,4,4,49.248,0,0,0,0,1781052960160,140000,140700,140713,NA,524,518,100,100
"140714",100,3,3,63.647,0,0,0,0,1781052960160,140000,140700,140714,NA,555,527,100,100
"140715",100,2,2,47.744,0,0,0,0,1781052960160,140000,140700,140715,NA,254,244,100,100
"140716",100,3,3,45.253,0,0,0,0,1781052960160,140000,140700,140716,NA,286,264,100,100
"140717",100,4,4,48.837,0,0,0,0,1781052960160,140000,140700,140717,NA,546,525,100,100
"140718",100,2,2,48.673,0,0,0,0,1781052960160,140000,140700,140718,NA,165,156,100,100
"140719",100,3,3,69.669,0,0,0,0,1781052960160,140000,140700,140719,NA,526,490,100,100
"140720",100,3,3,50.302,0,0,0,0,1781052960160,140000,140700,140720,NA,417,388,100,100
"140721",100,3,3,62.908,0,0,0,0,1781052960160,140000,140700,140721,NA,385,368,100,100
"140722",100,1,1,47.368,0,0,0,0,1781052960160,140000,140700,140722,NA,126,119,100,100
"140723",100,2,2,59.705,0,0,0,0,1781052960160,140000,140700,140723,NA,243,236,100,100
"140724",100,3,3,48.525,0,0,0,0,1781052960160,140000,140700,140724,NA,329,317,100,100
"140725",100,3,3,58.961,0,0,0,0,1781052960160,140000,140700,140725,NA,454,445,100,100
"140726",100,4,4,58.411,0,0,0,0,1781052960160,140000,140700,140726,NA,500,482,100,100
"140727",100,3,3,58.81,0,0,0,0,1781052960160,140000,140700,140727,NA,494,478,100,100
"140728",100,8,8,56.002,0,0,0,0,1781052960160,140000,140700,140728,NA,1185,1118,100,100
"140729",100,2,2,48.985,0,0,0,0,1781052960160,140000,140700,140729,NA,193,189,100,100
"140730",100,2,2,49.023,0,0,0,0,1781052960160,140000,140700,140730,NA,276,253,100,100
"140731",100,4,4,51.367,0,0,0,0,1781052960160,140000,140700,140731,NA,545,523,100,100
"140732",100,4,4,54.635,0,0,0,0,1781052960160,140000,140700,140732,NA,501,479,100,100
"140733",100,6,6,70.034,0,0,0,0,1781052960160,140000,140700,140733,NA,1019,986,100,100
"140801",98.997,296,299,78.958,1.003,3,0,0,1781052720258,140000,140800,140801,NA,69410,64499,100,100
"140802",100,3,3,61.23,0,0,0,0,1781052720258,140000,140800,140802,NA,428,393,100,100
"140803",100,3,3,68.544,0,0,0,0,1781052720258,140000,140800,140803,NA,499,484,100,100
"140804",98.039,50,51,78.461,1.961,1,0,0,1781052720258,140000,140800,140804,NA,11555,10811,100,100
"140805",98.864,174,176,78.51,1.136,2,0,0,1781052720258,140000,140800,140805,NA,40622,37668,100,100
"140806",100,9,9,62.466,0,0,0,0,1781052720258,140000,140800,140806,NA,1621,1528,100,100
"140807",100,3,3,68.372,0,0,0,0,1781052720258,140000,140800,140807,NA,441,418,100,100
"140808",100,3,3,58.789,0,0,0,0,1781052720258,140000,140800,140808,NA,495,478,100,100
"140809",100,4,4,70.621,0,0,0,0,1781052720258,140000,140800,140809,NA,637,624,100,100
"140810",100,3,3,67.012,0,0,0,0,1781052720258,140000,140800,140810,NA,453,438,100,100
"140811",100,2,2,66.82,0,0,0,0,1781052720258,140000,140800,140811,NA,290,271,100,100
"140812",100,4,4,61.017,0,0,0,0,1781052720258,140000,140800,140812,NA,540,521,100,100
"140901",100,194,194,77.358,0,0,0,0,1781052720258,140000,140900,140901,NA,44128,41273,100,100
"140902",100,66,66,72.361,0,0,0,0,1781052720258,140000,140900,140902,NA,13991,13085,100,100
"140903",98.113,52,53,73.471,1.887,1,0,0,1781052720258,140000,140900,140903,NA,11244,10599,100,100
"140904",100,70,70,78.311,0,0,0,0,1781052720258,140000,140900,140904,NA,16201,15139,100,100
"140905",100,35,35,75.494,0,0,0,0,1781052720258,140000,140900,140905,NA,7757,7197,100,100
"141001",100,25,25,66.165,0,0,0,0,1781052960160,140000,141000,141001,NA,4707,4338,100,100
"141002",100,3,3,68.408,0,0,0,0,1781052960160,140000,141000,141002,NA,537,521,100,100
"141003",100,3,3,63.235,0,0,0,0,1781052960160,140000,141000,141003,NA,344,330,100,100
"141004",100,2,2,56.115,0,0,0,0,1781052960160,140000,141000,141004,NA,312,299,100,100
"141005",100,12,12,69.613,0,0,0,0,1781052960160,140000,141000,141005,NA,1890,1771,100,100
"141006",100,6,6,65.086,0,0,0,0,1781052960160,140000,141000,141006,NA,947,890,100,100
"150101",98.228,388,395,67.799,1.772,7,0,0,1781052960160,150000,150100,150101,NA,79162,74315,100,100
"150102",92.857,13,14,34.826,7.143,1,0,0,1781052960160,150000,150100,150102,NA,1369,1318,100,100
"150103",100,43,43,52.817,0,0,0,0,1781052960160,150000,150100,150103,NA,6591,6220,100,100
"150104",100,27,27,35.922,0,0,0,0,1781052960160,150000,150100,150104,NA,2785,2577,100,100
"150105",100,39,39,45.695,0,0,0,0,1781052960160,150000,150100,150105,NA,5169,4741,100,100
"150106",100,41,41,33.154,0,0,0,0,1781052960160,150000,150100,150106,NA,3822,3588,100,100
"150108",100,17,17,35.729,0,0,0,0,1781052960160,150000,150100,150108,NA,1710,1524,100,100
"150110",100,33,33,48.472,0,0,0,0,1781052960160,150000,150100,150110,NA,4553,4197,100,100
"150111",99.091,218,220,63.251,0.909,2,0,0,1781052960160,150000,150100,150111,NA,41231,38463,100,100
"150112",98.925,184,186,64.221,1.075,2,0,0,1781052960160,150000,150100,150112,NA,35212,32841,100,100
"150113",98.447,317,322,63.334,1.553,5,0,0,1781052960160,150000,150100,150113,NA,60208,56027,100,100
"150201",98.661,221,224,66.046,1.339,3,0,0,1781052960160,150000,150200,150201,NA,43538,40646,100,100
"150202",100,50,50,50.432,0,0,0,0,1781052960160,150000,150200,150202,NA,7187,6682,100,100
"150205",0,0,14,0,0,0,100,14,1781052960160,150000,150200,150205,NA,0,0,0,0
"150206",97.297,36,37,44.458,2.703,1,0,0,1781052960160,150000,150200,150206,NA,4809,4527,100,100
"150210",100,17,17,32.626,0,0,0,0,1781052960160,150000,150200,150210,NA,1506,1440,100,100
"150211",100,20,20,56.36,0,0,0,0,1781052960160,150000,150200,150211,NA,3261,3050,100,100
"150301",98.876,88,89,56.537,1.124,1,0,0,1781052960160,150000,150300,150301,NA,14655,13833,100,100
"150302",100,18,18,43.762,0,0,0,0,1781052960160,150000,150300,150302,NA,2336,2170,100,100
"150303",100,24,24,37.692,0,0,0,0,1781052960160,150000,150300,150303,NA,2473,2334,100,100
"150304",92.857,39,42,38.564,7.143,3,0,0,1781052960160,150000,150300,150304,NA,4438,4069,100,100
"150305",96,24,25,33.117,4,1,0,0,1781052960160,150000,150300,150305,NA,2451,2292,100,100
"150401",98.462,64,65,59.537,1.538,1,0,0,1781052960160,150000,150400,150401,NA,11331,10815,100,100
"150402",100,8,8,25.865,0,0,0,0,1781052960160,150000,150400,150402,NA,486,471,100,100
"150403",100,10,10,40.148,0,0,0,0,1781052960160,150000,150400,150403,NA,1084,1042,100,100
"150404",94.737,18,19,39.166,5.263,1,0,0,1781052960160,150000,150400,150404,NA,2086,1984,100,100
"150405",100,24,24,41.442,0,0,0,0,1781052960160,150000,150400,150405,NA,2787,2665,100,100
"150406",100,22,22,43.738,0,0,0,0,1781052960160,150000,150400,150406,NA,2860,2778,100,100
"150407",100,11,11,45.01,0,0,0,0,1781052960160,150000,150400,150407,NA,1389,1346,100,100
"150408",100,4,4,24.288,0,0,0,0,1781052960160,150000,150400,150408,NA,256,234,100,100
"150409",100,6,6,26.9,0,0,0,0,1781052960160,150000,150400,150409,NA,439,420,100,100
"150410",100,13,13,48.103,0,0,0,0,1781052960160,150000,150400,150410,NA,1851,1724,100,100
"150411",0,0,9,0,0,0,100,9,1781052960160,150000,150400,150411,NA,0,0,0,0
"150501",98.611,71,72,55.276,1.389,1,0,0,1781052960160,150000,150500,150501,NA,11106,10330,100,100
"150502",100,25,25,48.911,0,0,0,0,1781052960160,150000,150500,150502,NA,3503,3298,100,100
"150503",100,20,20,31.352,0,0,0,0,1781052960160,150000,150500,150503,NA,1619,1537,100,100
"150504",100,19,19,49.184,0,0,0,0,1781052960160,150000,150500,150504,NA,2652,2506,100,100
"150505",100,39,39,39.285,0,0,0,0,1781052960160,150000,150500,150505,NA,4244,4008,100,100
"150506",100,9,9,36.154,0,0,0,0,1781052960160,150000,150500,150506,NA,940,906,100,100
"150601",100,62,62,53.576,0,0,0,0,1781052960160,150000,150600,150601,NA,9732,8647,100,100
"150602",100,37,37,37.522,0,0,0,0,1781052960160,150000,150600,150602,NA,4004,3392,100,100
"150603",100,43,43,33.996,0,0,0,0,1781052960160,150000,150600,150603,NA,4016,3348,100,100
"150604",95.652,44,46,36.55,4.348,2,0,0,1781052960160,150000,150600,150604,NA,4685,3398,100,100
"150701",97.674,42,43,52.515,2.326,1,0,0,1781052960160,150000,150700,150701,NA,6369,6087,100,100
"150702",0,0,38,0,0,0,100,38,1781052960160,150000,150700,150702,NA,0,0,0,0
"150703",35.714,10,28,17.918,0,0,64.286,18,1781052960160,150000,150700,150703,NA,1229,1182,100,100
"150704",0,0,31,0,0,0,100,31,1781052960160,150000,150700,150704,NA,0,0,0,0
"150705",70.37,19,27,16.487,0,0,29.63,8,1781052960160,150000,150700,150705,NA,1134,1091,100,100
"150706",100,32,32,41.393,0,0,0,0,1781052960160,150000,150700,150706,NA,3268,3145,100,100
"150901",100,14,14,39.598,0,0,0,0,1781052960160,150000,150900,150901,NA,1420,1356,100,100
"150902",100,2,2,35.897,0,0,0,0,1781052960160,150000,150900,150902,NA,182,177,100,100
"150903",100,10,10,28.732,0,0,0,0,1781052960160,150000,150900,150903,NA,768,733,100,100
"150904",75,3,4,20.505,25,1,0,0,1781052960160,150000,150900,150904,NA,211,195,100,100
"160101",98.587,279,283,72.041,1.413,4,0,0,1781052960160,160000,160100,160101,NA,60008,56879,100,100
"160102",100,54,54,58.868,0,0,0,0,1781052960160,160000,160100,160102,NA,9270,8882,100,100
"160103",100,41,41,70.321,0,0,0,0,1781052960160,160000,160100,160103,NA,8082,7684,100,100
"160104",100,24,24,68.565,0,0,0,0,1781052960160,160000,160100,160104,NA,4827,4622,100,100
"160201",100,11,11,54.26,0,0,0,0,1781052960160,160000,160200,160201,NA,1713,1607,100,100
"160202",100,4,4,29.787,0,0,0,0,1781052960160,160000,160200,160202,NA,336,317,100,100
"160203",96.552,28,29,51.652,3.448,1,0,0,1781052960160,160000,160200,160203,NA,4268,4136,100,100
"160204",100,24,24,66.594,0,0,0,0,1781052960160,160000,160200,160204,NA,4611,4414,100,100
"160301",100,6,6,57.817,0,0,0,0,1781052960160,160000,160300,160301,NA,1017,976,100,100
"160302",100,19,19,64.406,0,0,0,0,1781052960160,160000,160300,160302,NA,3429,3024,100,100
"160303",100,12,12,61.684,0,0,0,0,1781052960160,160000,160300,160303,NA,2125,2006,100,100
"170101",100,137,137,77.762,0,0,0,0,1781052960160,170000,170100,170101,NA,30968,29010,100,100
"170102",100,10,10,69.206,0,0,0,0,1781052960160,170000,170100,170102,NA,1717,1645,100,100
"170103",100,5,5,66.473,0,0,0,0,1781052960160,170000,170100,170103,NA,799,784,100,100
"170104",100,9,9,63.373,0,0,0,0,1781052960160,170000,170100,170104,NA,1488,1464,100,100
"170105",100,29,29,81.623,0,0,0,0,1781052960160,170000,170100,170105,NA,6769,6431,100,100
"170106",96.296,26,27,77.36,3.704,1,0,0,1781052960160,170000,170100,170106,NA,5901,5560,100,100
"170107",100,66,66,86.989,0,0,0,0,1781053218727,170000,170100,170107,NA,16668,15789,100,100
"170201",100,9,9,77.667,0,0,0,0,1781052960160,170000,170200,170201,NA,1951,1858,100,100
"170202",100,4,4,73.991,0,0,0,0,1781052960160,170000,170200,170202,NA,788,759,100,100
"170203",100,4,4,54.682,0,0,0,0,1781052960160,170000,170200,170203,NA,508,491,100,100
"170204",100,10,10,60.007,0,0,0,0,1781052960160,170000,170200,170204,NA,1718,1658,100,100
"170205",100,3,3,68.894,0,0,0,0,1781052960160,170000,170200,170205,NA,567,548,100,100
"170206",100,4,4,60.497,0,0,0,0,1781052960160,170000,170200,170206,NA,438,420,100,100
"170207",100,3,3,63.073,0,0,0,0,1781052960160,170000,170200,170207,NA,468,455,100,100
"170208",100,8,8,77.935,0,0,0,0,1781052960160,170000,170200,170208,NA,1759,1704,100,100
"170209",100,3,3,64.179,0,0,0,0,1781052960160,170000,170200,170209,NA,387,374,100,100
"170210",100,11,11,67.05,0,0,0,0,1781052960160,170000,170200,170210,NA,1514,1442,100,100
"170211",100,3,3,57.945,0,0,0,0,1781052960160,170000,170200,170211,NA,485,476,100,100
"170301",99.507,202,203,79.012,0.493,1,0,0,1781052960160,170000,170300,170301,NA,47027,44136,100,100
"170302",100,13,13,87.521,0,0,0,0,1781052960160,170000,170300,170302,NA,3100,2981,100,100
"170303",100,17,17,77.158,0,0,0,0,1781052960160,170000,170300,170303,NA,3871,3603,100,100
"180101",97.468,77,79,69.098,2.532,2,0,0,1781052960160,180000,180100,180101,NA,15988,14721,100,100
"180103",100,13,13,61.649,0,0,0,0,1781052960160,180000,180100,180103,NA,2138,2013,100,100
"180104",100,22,22,69.049,0,0,0,0,1781052960160,180000,180100,180104,NA,4087,3828,100,100
"180105",95.652,22,23,67.869,4.348,1,0,0,1781052960160,180000,180100,180105,NA,4440,4168,100,100
"180106",93.333,14,15,65.613,6.667,1,0,0,1781052960160,180000,180100,180106,NA,2698,2547,100,100
"180107",100,8,8,60.181,0,0,0,0,1781052960160,180000,180100,180107,NA,1333,1282,100,100
"180108",97.436,38,39,60.723,2.564,1,0,0,1781052960160,180000,180100,180108,NA,6716,6363,100,100
"180109",100,23,23,58.237,0,0,0,0,1781052960160,180000,180100,180109,NA,3528,3327,100,100
"180110",100,38,38,70.931,0,0,0,0,1781052960160,180000,180100,180110,NA,7762,7179,100,100
"180111",100,16,16,61.066,0,0,0,0,1781052960160,180000,180100,180111,NA,2657,2506,100,100
"180112",100,19,19,69.908,0,0,0,0,1781052960160,180000,180100,180112,NA,3882,3650,100,100
"180113",100,13,13,63.005,0,0,0,0,1781052960160,180000,180100,180113,NA,2231,2066,100,100
"180114",98.571,69,70,63.391,1.429,1,0,0,1781052960160,180000,180100,180114,NA,12973,12036,100,100
"180201",97.5,39,40,63.476,2.5,1,0,0,1781052960160,180000,180200,180201,NA,7228,6847,100,100
"180202",100,9,9,47.385,0,0,0,0,1781052960160,180000,180200,180202,NA,1178,1081,100,100
"180203",100,3,3,55.828,0,0,0,0,1781052960160,180000,180200,180203,NA,455,438,100,100
"180204",100,10,10,46.01,0,0,0,0,1781052960160,180000,180200,180204,NA,1182,1115,100,100
"180205",100,6,6,58.652,0,0,0,0,1781052960160,180000,180200,180205,NA,966,926,100,100
"180206",95.455,21,22,52.331,4.545,1,0,0,1781052960160,180000,180200,180206,NA,3132,2995,100,100
"180207",100,10,10,61.589,0,0,0,0,1781052960160,180000,180200,180207,NA,1395,1320,100,100
"180208",100,7,7,57.002,0,0,0,0,1781052960160,180000,180200,180208,NA,981,927,100,100
"180301",94.828,55,58,66.361,5.172,3,0,0,1781052960160,180000,180300,180301,NA,10996,10319,100,100
"180302",100,18,18,77.407,0,0,0,0,1781052960160,180000,180300,180302,NA,3892,3654,100,100
"180303",100,24,24,68.975,0,0,0,0,1781052960160,180000,180300,180303,NA,4362,4149,100,100
"180304",98.438,63,64,44.972,1.563,1,-0.001,0,1781052960160,180000,180300,180304,NA,7969,7139,100,100
"180305",98.148,53,54,68.26,1.852,1,0,0,1781052960160,180000,180300,180305,NA,10456,9754,100,100
"180306",100,19,19,52.689,0,0,0,0,1781052960160,180000,180300,180306,NA,2714,2516,100,100
"180307",96.774,30,31,47.074,3.226,1,0,0,1781052960160,180000,180300,180307,NA,3676,3463,100,100
"180308",100,49,49,54.902,0,0,0,0,1781052960160,180000,180300,180308,NA,7431,6888,100,100
"190101",98.185,487,496,75.012,1.815,9,0,0,1781052960160,190000,190100,190101,NA,111083,103731,100,100
"190103",97.664,418,428,75.814,2.336,10,0,0,1781052960160,190000,190100,190103,NA,95466,88844,100,100
"190104",100,204,204,78.256,0,0,0,0,1781052960160,190000,190100,190104,NA,47054,43336,100,100
"190105",100,108,108,68.616,0,0,0,0,1781052960160,190000,190100,190105,NA,21540,19732,100,100
"190106",98.148,106,108,73.959,1.852,2,0,0,1781052960160,190000,190100,190106,NA,23527,21463,100,100
"190107",97.701,85,87,66.898,2.299,2,0,0,1781052960160,190000,190100,190107,NA,16950,15581,100,100
"190109",99.322,293,295,78.378,0.678,2,0,0,1781052960160,190000,190100,190109,NA,67480,60590,100,100
"190113",100,50,50,76.025,0,0,0,0,1781052960160,190000,190100,190113,NA,11270,10439,100,100
"190114",100,16,16,70.009,0,0,0,0,1781052960160,190000,190100,190114,NA,3191,2975,100,100
"190115",98.454,382,388,79.543,1.546,6,0,0,1781052960160,190000,190100,190115,NA,90899,84246,100,100
"190201",100,99,99,42.666,0,0,0,0,1781052960160,190000,190200,190201,NA,11883,11188,100,100
"190202",98.387,61,62,41.073,1.613,1,0,0,1781052960160,190000,190200,190202,NA,7435,6982,100,100
"190203",100,19,19,47.351,0,0,0,0,1781052960160,190000,190200,190203,NA,2601,2500,100,100
"190204",94.737,18,19,55.837,5.263,1,0,0,1781052960160,190000,190200,190204,NA,3037,2852,100,100
"190205",100,68,68,46.929,0,0,0,0,1781052960160,190000,190200,190205,NA,8818,8235,100,100
"190206",100,32,32,54.252,0,0,0,0,1781052960160,190000,190200,190206,NA,4989,4735,100,100
"190207",100,8,8,47.925,0,0,0,0,1781052960160,190000,190200,190207,NA,1016,972,100,100
"190208",100,37,37,66.993,0,0,0,0,1781052960160,190000,190200,190208,NA,7114,6629,100,100
"190209",100,11,11,51.238,0,0,0,0,1781052960160,190000,190200,190209,NA,1593,1517,100,100
"190210",100,30,30,66.965,0,0,0,0,1781052960160,190000,190200,190210,NA,5678,5335,100,100
"190301",100,84,84,60.062,0,0,0,0,1781052960160,190000,190300,190301,NA,14281,13102,100,100
"190302",96.296,26,27,59.777,3.704,1,0,0,1781052960160,190000,190300,190302,NA,4295,4048,100,100
"190303",97.297,108,111,51.486,2.703,3,0,0,1781052960160,190000,190300,190303,NA,15889,14263,100,100
"190304",100,23,23,57.829,0,0,0,0,1781052960160,190000,190300,190304,NA,3586,3327,100,100
"190305",100,31,31,59.473,0,0,0,0,1781052960160,190000,190300,190305,NA,5145,4739,100,100
"190306",100,37,37,52.674,0,0,0,0,1781052960160,190000,190300,190306,NA,5575,5226,100,100
"190307",100,28,28,60.965,0,0,0,0,1781052960160,190000,190300,190307,NA,4890,4595,100,100
"190308",100,15,15,54.187,0,0,0,0,1781052960160,190000,190300,190308,NA,2284,2103,100,100
"190401",99.203,249,251,74.892,0.797,2,0,0,1781052960160,190000,190400,190401,NA,54240,49283,100,100
"190402",100,29,29,72.524,0,0,0,0,1781052960160,190000,190400,190402,NA,6034,5644,100,100
"190403",100,23,23,58.025,0,0,0,0,1781052960160,190000,190400,190403,NA,3854,3570,100,100
"190404",100,40,40,74.318,0,0,0,0,1781052960160,190000,190400,190404,NA,8418,7847,100,100
"190405",100,27,27,69.769,0,0,0,0,1781052960160,190000,190400,190405,NA,5412,4962,100,100
"190406",100,13,13,65.077,0,0,0,0,1781052960160,190000,190400,190406,NA,2184,2051,100,100
"190407",100,24,24,60.581,0,0,0,0,1781052960160,190000,190400,190407,NA,3856,3602,100,100
"190408",97.778,44,45,73.032,2.222,1,0,0,1781052960160,190000,190400,190408,NA,9240,8656,100,100
"190409",100,28,28,55.433,0,0,0,0,1781052960160,190000,190400,190409,NA,4387,4069,100,100
"190410",100,23,23,65.296,0,0,0,0,1781052960160,190000,190400,190410,NA,4318,4041,100,100
"190501",98.69,226,229,76.848,1.31,3,0,0,1781052960160,190000,190500,190501,NA,51803,47016,100,100
"190502",100,7,7,81.653,0,0,0,0,1781052960160,190000,190500,190502,NA,1620,1502,100,100
"190503",100,4,4,80.944,0,0,0,0,1781052960160,190000,190500,190503,NA,875,803,100,100
"190504",100,36,36,83.971,0,0,0,0,1781052960160,190000,190500,190504,NA,8450,7777,100,100
"190505",97.727,43,44,76.797,2.273,1,0,0,1781052960160,190000,190500,190505,NA,9681,9036,100,100
"190506",100,14,14,80.329,0,0,0,0,1781052960160,190000,190500,190506,NA,3222,2916,100,100
"190507",100,16,16,75.935,0,0,0,0,1781052960160,190000,190500,190507,NA,3493,3197,100,100
"190601",98.77,482,488,75.899,1.23,6,0,0,1781052960160,190000,190600,190601,NA,108819,99553,100,100
"190602",99.115,112,113,78.465,0.885,1,0,0,1781052960160,190000,190600,190602,NA,26289,24137,100,100
"190603",100,39,39,67.332,0,0,0,0,1781052960160,190000,190600,190603,NA,7657,7012,100,100
"190604",100,81,81,79.833,0,0,0,0,1781052960160,190000,190600,190604,NA,18645,17054,100,100
"190605",100,26,26,81.154,0,0,0,0,1781052960160,190000,190600,190605,NA,5895,5356,100,100
"190606",97.297,72,74,75.446,2.703,2,0,0,1781052960160,190000,190600,190606,NA,16042,14689,100,100
"190607",100,21,21,81.422,0,0,0,0,1781052960160,190000,190600,190607,NA,4707,4388,100,100
"190608",100,57,57,80.366,0,0,0,0,1781052960160,190000,190600,190608,NA,13004,11933,100,100
"190701",100,262,262,70.689,0,0,0,0,1781052960160,190000,190700,190701,NA,54408,48915,100,100
"190702",96,24,25,75.208,4,1,0,0,1781052960160,190000,190700,190702,NA,5254,4876,100,100
"190703",100,38,38,72.879,0,0,0,0,1781052960160,190000,190700,190703,NA,7766,7187,100,100
"190704",100,5,5,79.365,0,0,0,0,1781052960160,190000,190700,190704,NA,1050,1005,100,100
"190705",100,31,31,75.456,0,0,0,0,1781052960160,190000,190700,190705,NA,6742,6309,100,100
"190706",100,29,29,76.19,0,0,0,0,1781052960160,190000,190700,190706,NA,6227,5733,100,100
"190801",98.23,111,113,77.96,1.77,2,0,0,1781052960160,190000,190800,190801,NA,26013,24034,100,100
"190802",97.872,46,47,80.965,2.128,1,0,0,1781052960160,190000,190800,190802,NA,10740,10005,100,100
"190803",100,21,21,80.421,0,0,0,0,1781052960160,190000,190800,190803,NA,4740,4487,100,100
"190804",100,14,14,82.65,0,0,0,0,1781052960160,190000,190800,190804,NA,3244,3039,100,100
"190805",100,13,13,76.456,0,0,0,0,1781052960160,190000,190800,190805,NA,2705,2555,100,100
"190806",100,10,10,82.234,0,0,0,0,1781052960160,190000,190800,190806,NA,2231,2122,100,100
"200101",98.286,344,350,79.04,1.714,6,0,0,1781052960160,200000,200100,200101,NA,81602,77254,100,100
"200102",100,66,66,74.89,0,0,0,0,1781052960160,200000,200100,200102,NA,14018,13337,100,100
"200103",100,15,15,85.53,0,0,0,0,1781052960160,200000,200100,200103,NA,3783,3626,100,100
"200104",100,31,31,79.106,0,0,0,0,1781052960160,200000,200100,200104,NA,7012,6452,100,100
"200105",100,25,25,83.508,0,0,0,0,1781052960160,200000,200100,200105,NA,5494,5304,100,100
"200106",100,27,27,79.592,0,0,0,0,1781052960160,200000,200100,200106,NA,5304,5041,100,100
"200107",100,11,11,82.976,0,0,0,0,1781052960160,200000,200100,200107,NA,2632,2470,100,100
"200108",93.75,15,16,72.953,6.25,1,0,0,1781052960160,200000,200100,200108,NA,3377,3223,100,100
"200109",100,17,17,83.012,0,0,0,0,1781052960160,200000,200100,200109,NA,3836,3680,100,100
"200110",100,19,19,79.059,0,0,0,0,1781052960160,200000,200100,200110,NA,4081,3906,100,100
"200111",100,4,4,68.838,0,0,0,0,1781052960160,200000,200100,200111,NA,782,727,100,100
"200112",100,9,9,80.158,0,0,0,0,1781052960160,200000,200100,200112,NA,2129,2015,100,100
"200113",100,10,10,85.107,0,0,0,0,1781052960160,200000,200100,200113,NA,2383,2278,100,100
"200114",100,24,24,80.26,0,0,0,0,1781052960160,200000,200100,200114,NA,5184,4973,100,100
"200115",100,15,15,68.745,0,0,0,0,1781052960160,200000,200100,200115,NA,2855,2683,100,100
"200201",98.876,88,89,80.738,1.124,1,0,0,1781052960160,200000,200200,200201,NA,20380,19574,100,100
"200202",100,13,13,79.781,0,0,0,0,1781052960160,200000,200200,200202,NA,2983,2835,100,100
"200203",100,25,25,79.189,0,0,0,0,1781052960160,200000,200200,200203,NA,5510,5236,100,100
"200204",100,45,45,77.199,0,0,0,0,1781052960160,200000,200200,200204,NA,9883,9463,100,100
"200205",100,17,17,82.812,0,0,0,0,1781052960160,200000,200200,200205,NA,3917,3774,100,100
"200206",100,24,24,79.762,0,0,0,0,1781052960160,200000,200200,200206,NA,5230,5043,100,100
"200207",100,13,13,77.444,0,0,0,0,1781052960160,200000,200200,200207,NA,2788,2664,100,100
"200208",100,20,20,78.255,0,0,0,0,1781052960160,200000,200200,200208,NA,4153,4023,100,100
"200210",100,13,13,80.601,0,0,0,0,1781052960160,200000,200200,200210,NA,2655,2513,100,100
"200212",100,36,36,80.705,0,0,0,0,1781052960160,200000,200200,200212,NA,8332,7878,100,100
"200213",100,22,22,79.074,0,0,0,0,1781052960160,200000,200200,200213,NA,4682,4446,100,100
"200214",100,16,16,73.526,0,0,0,0,1781052960160,200000,200200,200214,NA,3130,2971,100,100
"200215",100,12,12,79.419,0,0,0,0,1781052960160,200000,200200,200215,NA,2597,2483,100,100
"200216",100,17,17,77.842,0,0,0,0,1781052960160,200000,200200,200216,NA,3513,3347,100,100
"200217",100,9,9,76.79,0,0,0,0,1781052960160,200000,200200,200217,NA,1909,1821,100,100
"200301",100,36,36,76.268,0,0,0,0,1781052960160,200000,200300,200301,NA,7787,7216,100,100
"200302",100,9,9,77.898,0,0,0,0,1781052960160,200000,200300,200302,NA,1868,1771,100,100
"200303",100,18,18,64.173,0,0,0,0,1781052960160,200000,200300,200303,NA,3208,3084,100,100
"200304",100,21,21,66.07,0,0,0,0,1781052960160,200000,200300,200304,NA,3657,3471,100,100
"200305",100,14,14,66.536,0,0,0,0,1781052960160,200000,200300,200305,NA,2378,2208,100,100
"200306",100,22,22,79.729,0,0,0,0,1781052960160,200000,200300,200306,NA,4995,4693,100,100
"200307",100,19,19,65.859,0,0,0,0,1781052960160,200000,200300,200307,NA,3073,2901,100,100
"200308",100,18,18,65.203,0,0,0,0,1781052960160,200000,200300,200308,NA,3060,2897,100,100
"200309",100,23,23,67.39,0,0,0,0,1781052960160,200000,200300,200309,NA,4410,4274,100,100
"200310",100,10,10,72.23,0,0,0,0,1781052960160,200000,200300,200310,NA,1956,1904,100,100
"200401",100,61,61,76.788,0,0,0,0,1781052960160,200000,200400,200401,NA,13467,12847,100,100
"200402",93.75,30,32,72.201,6.25,2,0,0,1781052960160,200000,200400,200402,NA,6449,6111,100,100
"200403",100,17,17,76.407,0,0,0,0,1781052960160,200000,200400,200403,NA,3054,2956,100,100
"200406",100,9,9,69.356,0,0,0,0,1781052960160,200000,200400,200406,NA,1616,1559,100,100
"200407",100,42,42,70.495,0,0,0,0,1781052960160,200000,200400,200407,NA,8348,7841,100,100
"200410",100,50,50,70.479,0,0,0,0,1781052960160,200000,200400,200410,NA,9521,9063,100,100
"200412",100,17,17,76.06,0,0,0,0,1781052960160,200000,200400,200412,NA,3409,3291,100,100
"200501",98.387,61,62,76.065,1.613,1,0,0,1781052960160,200000,200500,200501,NA,13665,12892,100,100
"200502",100,14,14,79.092,0,0,0,0,1781052960160,200000,200500,200502,NA,3030,2876,100,100
"200504",100,11,11,77.673,0,0,0,0,1781052960160,200000,200500,200504,NA,2216,2139,100,100
"200506",100,18,18,84.24,0,0,0,0,1781052960160,200000,200500,200506,NA,4105,3929,100,100
"200507",100,17,17,66.688,0,0,0,0,1781052960160,200000,200500,200507,NA,3151,3001,100,100
"200508",100,41,41,81.23,0,0,0,0,1781052960160,200000,200500,200508,NA,9361,8873,100,100
"200509",100,34,34,72.134,0,0,0,0,1781052960160,200000,200500,200509,NA,6531,6244,100,100
"200511",100,9,9,79.239,0,0,0,0,1781052960160,200000,200500,200511,NA,2019,1936,100,100
"200601",100,36,36,84.301,0,0,0,0,1781052960160,200000,200600,200601,NA,8613,8279,100,100
"200602",100,18,18,80.19,0,0,0,0,1781052960160,200000,200600,200602,NA,4133,3999,100,100
"200603",100,9,9,82.039,0,0,0,0,1781052960160,200000,200600,200603,NA,1996,1931,100,100
"200604",100,10,10,84.015,0,0,0,0,1781052960160,200000,200600,200604,NA,2218,2150,100,100
"200605",100,7,7,70.174,0,0,0,0,1781052960160,200000,200600,200605,NA,1334,1257,100,100
"200606",100,7,7,80.862,0,0,0,0,1781052960160,200000,200600,200606,NA,1614,1563,100,100
"200607",100,8,8,71.98,0,0,0,0,1781052960160,200000,200600,200607,NA,1567,1508,100,100
"200608",100,18,18,80.05,0,0,0,0,1781052960160,200000,200600,200608,NA,4153,3931,100,100
"200609",100,21,21,77.497,0,0,0,0,1781052960160,200000,200600,200609,NA,4577,4340,100,100
"200610",100,4,4,73.884,0,0,0,0,1781052960160,200000,200600,200610,NA,662,627,100,100
"200701",100,65,65,78.506,0,0,0,0,1781052960160,200000,200700,200701,NA,14953,14224,100,100
"200702",100,21,21,74.508,0,0,0,0,1781052960160,200000,200700,200702,NA,4393,4210,100,100
"200703",100,7,7,78.176,0,0,0,0,1781052960160,200000,200700,200703,NA,1440,1367,100,100
"200704",100,9,9,75.635,0,0,0,0,1781052960160,200000,200700,200704,NA,1816,1720,100,100
"200705",100,22,22,76.91,0,0,0,0,1781052960160,200000,200700,200705,NA,4510,4335,100,100
"200706",100,26,26,68.449,0,0,0,0,1781052960160,200000,200700,200706,NA,5005,4633,100,100
"200707",100,23,23,72.361,0,0,0,0,1781052960160,200000,200700,200707,NA,4765,4585,100,100
"200708",100,18,18,73.643,0,0,0,0,1781052960160,200000,200700,200708,NA,3610,3399,100,100
"200709",100,11,11,80.473,0,0,0,0,1781052960160,200000,200700,200709,NA,2588,2470,100,100
"200801",100,32,32,66.968,0,0,0,0,1781052960160,200000,200800,200801,NA,6068,5658,100,100
"200803",100,18,18,67.896,0,0,0,0,1781052960160,200000,200800,200803,NA,3331,3203,100,100
"200804",100,12,12,61.351,0,0,0,0,1781052960160,200000,200800,200804,NA,2043,1980,100,100
"200805",100,19,19,68.107,0,0,0,0,1781052960160,200000,200800,200805,NA,3656,3462,100,100
"200806",100,15,15,64.109,0,0,0,0,1781052960160,200000,200800,200806,NA,2565,2430,100,100
"200807",100,8,8,71.028,0,0,0,0,1781052960160,200000,200800,200807,NA,1569,1491,100,100
"200808",100,13,13,61.042,0,0,0,0,1781052960160,200000,200800,200808,NA,2156,2100,100,100
"200810",100,8,8,69.534,0,0,0,0,1781052960160,200000,200800,200810,NA,1463,1429,100,100
"200811",100,22,22,66.142,0,0,0,0,1781052960160,200000,200800,200811,NA,3823,3661,100,100
"200812",100,24,24,63.702,0,0,0,0,1781052960160,200000,200800,200812,NA,4240,4119,100,100
"200901",98.997,592,598,80.993,1.003,6,0,0,1781052960160,200000,200900,200901,NA,143553,136638,100,100
"200902",100,17,17,81.646,0,0,0,0,1781052960160,200000,200900,200902,NA,3541,3397,100,100
"200903",100,14,14,77.629,0,0,0,0,1781052960160,200000,200900,200903,NA,3137,2994,100,100
"200904",97.436,38,39,83.802,2.564,1,0,0,1781052960160,200000,200900,200904,NA,9390,8987,100,100
"200905",98.182,108,110,86.335,1.818,2,0,0,1781052960160,200000,200900,200905,NA,28089,26843,100,100
"201001",100,73,73,66.684,0,0,0,0,1781052960160,200000,201000,201001,NA,14309,13373,100,100
"201002",100,4,4,57.752,0,0,0,0,1781052960160,200000,201000,201002,NA,596,570,100,100
"201003",100,4,4,44.069,0,0,0,0,1781052960160,200000,201000,201003,NA,457,428,100,100
"201004",100,15,15,62.431,0,0,0,0,1781052960160,200000,201000,201004,NA,2722,2592,100,100
"201005",100,4,4,60.92,0,0,0,0,1781052960160,200000,201000,201005,NA,636,555,100,100
"201006",100,8,8,51.993,0,0,0,0,1781052960160,200000,201000,201006,NA,1200,1142,100,100
"201007",100,3,3,51.969,0,0,0,0,1781052960160,200000,201000,201007,NA,330,311,100,100
"201101",100,44,44,82.725,0,0,0,0,1781052960160,200000,201100,201101,NA,10243,9823,100,100
"201102",100,7,7,74.792,0,0,0,0,1781052960160,200000,201100,201102,NA,1439,1397,100,100
"201103",100,15,15,80.061,0,0,0,0,1781052960160,200000,201100,201103,NA,3437,3301,100,100
"201104",93.75,15,16,67.27,6.25,1,0,0,1781052960160,200000,201100,201104,NA,3083,2945,100,100
"201105",100,5,5,73.283,0,0,0,0,1781052960160,200000,201100,201105,NA,1067,1007,100,100
"201201",99.259,134,135,77.142,0.741,1,0,0,1781052960160,200000,201200,201201,NA,29759,28339,100,100
"201202",100,32,32,73.959,0,0,0,0,1781052960160,200000,201200,201202,NA,6680,6411,100,100
"201203",100,10,10,74.819,0,0,0,0,1781052960160,200000,201200,201203,NA,2169,2072,100,100
"201204",100,3,3,65.217,0,0,0,0,1781052960160,200000,201200,201204,NA,480,460,100,100
"201205",90,9,10,68.626,10,1,0,0,1781052960160,200000,201200,201205,NA,1833,1757,100,100
"201301",100,50,50,65.776,0,0,0,0,1781052960160,200000,201300,201301,NA,8837,8415,100,100
"201302",100,14,14,61.703,0,0,0,0,1781052960160,200000,201300,201302,NA,2217,2130,100,100
"201303",90,9,10,56.298,10,1,0,0,1781052960160,200000,201300,201303,NA,1618,1564,100,100
"201304",100,12,12,63.028,0,0,0,0,1781052960160,200000,201300,201304,NA,2148,2075,100,100
"210101",100,224,224,73.073,0,0,0,0,1781052960160,210000,210100,210101,NA,47547,43413,100,100
"210102",92.857,13,14,73.987,7.143,1,0,0,1781052960160,210000,210100,210102,NA,2995,2741,100,100
"210103",100,10,10,70.668,0,0,0,0,1781052960160,210000,210100,210103,NA,1978,1835,100,100
"210104",100,50,50,73.381,0,0,0,0,1781052960160,210000,210100,210104,NA,9963,9155,100,100
"210105",100,69,69,71.148,0,0,0,0,1781052960160,210000,210100,210105,NA,14256,13086,100,100
"210106",100,12,12,76.277,0,0,0,0,1781052960160,210000,210100,210106,NA,2508,2324,100,100
"210201",100,44,44,68.431,0,0,0,0,1781052960160,210000,210200,210201,NA,8493,7800,100,100
"210202",100,13,13,74.297,0,0,0,0,1781052960160,210000,210200,210202,NA,2668,2471,100,100
"210203",100,9,9,70.37,0,0,0,0,1781052960160,210000,210200,210203,NA,1824,1711,100,100
"210204",100,3,3,73.873,0,0,0,0,1781052960160,210000,210200,210204,NA,557,544,100,100
"210205",92.308,12,13,59.035,7.692,1,0,0,1781052960160,210000,210200,210205,NA,2117,2005,100,100
"210206",100,9,9,64.515,0,0,0,0,1781052960160,210000,210200,210206,NA,1549,1465,100,100
"210301",100,43,43,78.773,0,0,0,0,1781052960160,210000,210300,210301,NA,9671,8411,100,100
"210303",100,22,22,67.623,0,0,0,0,1781052960160,210000,210300,210303,NA,3958,3680,100,100
"210304",100,29,29,67,0,0,0,0,1781052960160,210000,210300,210304,NA,5693,5281,100,100
"210305",100,15,15,77.207,0,0,0,0,1781052960160,210000,210300,210305,NA,3157,2937,100,100
"210306",100,27,27,68.249,0,0,0,0,1781052960160,210000,210300,210306,NA,4759,4397,100,100
"210307",100,12,12,82.093,0,0,0,0,1781052960160,210000,210300,210307,NA,2746,2511,100,100
"210311",100,10,10,79.145,0,0,0,0,1781052960160,210000,210300,210311,NA,2277,2073,100,100
"210313",97.436,38,39,71.101,2.564,1,0,0,1781052960160,210000,210300,210313,NA,7959,7154,100,100
"210314",100,19,19,75.936,0,0,0,0,1781052960160,210000,210300,210314,NA,3812,3448,100,100
"210315",100,41,41,69.963,0,0,0,0,1781052960160,210000,210300,210315,NA,8334,7625,100,100
"210316",100,6,6,82.861,0,0,0,0,1781052960160,210000,210300,210316,NA,1257,1076,100,100
"210401",100,86,86,71.724,0,0,0,0,1781052960160,210000,210400,210401,NA,18403,17045,100,100
"210402",100,37,37,60.935,0,0,0,0,1781052960160,210000,210400,210402,NA,6637,6165,100,100
"210403",100,25,25,63.195,0,0,0,0,1781052960160,210000,210400,210403,NA,4600,4288,100,100
"210404",100,19,19,62.957,0,0,0,0,1781052960160,210000,210400,210404,NA,3389,3135,100,100
"210405",94.737,18,19,65.247,5.263,1,0,0,1781052960160,210000,210400,210405,NA,3477,3227,100,100
"210501",100,76,76,74.755,0,0,0,0,1781052960160,210000,210500,210501,NA,16204,14969,100,100
"210502",100,8,8,75.727,0,0,0,0,1781052960160,210000,210500,210502,NA,1744,1625,100,100
"210503",100,9,9,74.566,0,0,0,0,1781052960160,210000,210500,210503,NA,1935,1827,100,100
"210504",100,12,12,74.569,0,0,0,0,1781052960160,210000,210500,210504,NA,2551,2377,100,100
"210505",100,131,131,72.378,0,0,0,0,1781052960160,210000,210500,210505,NA,27597,25682,100,100
"210506",100,57,57,76.552,0,0,0,0,1781052960160,210000,210500,210506,NA,12713,11797,100,100
"210507",90,9,10,69.364,10,1,0,0,1781052960160,210000,210500,210507,NA,1920,1780,100,100
"210508",98.077,51,52,67.449,1.923,1,0,0,1781052960160,210000,210500,210508,NA,10112,9406,100,100
"210509",100,31,31,67.752,0,0,0,0,1781052960160,210000,210500,210509,NA,6011,5626,100,100
"210601",99.556,224,225,77.304,0.444,1,0,0,1781052960160,210000,210600,210601,NA,51156,47504,100,100
"210602",100,5,5,78.309,0,0,0,0,1781052960160,210000,210600,210602,NA,982,940,100,100
"210604",92.308,12,13,74.957,7.692,1,0,0,1781052960160,210000,210600,210604,NA,2616,2413,100,100
"210606",100,30,30,66.706,0,0,0,0,1781052960160,210000,210600,210606,NA,5616,5220,100,100
"210607",100,7,7,56.253,0,0,0,0,1781052960160,210000,210600,210607,NA,1111,1057,100,100
"210608",100,10,10,62.487,0,0,0,0,1781052960160,210000,210600,210608,NA,1794,1709,100,100
"210609",100,16,16,54.296,0,0,0,0,1781052960160,210000,210600,210609,NA,2161,2027,100,100
"210610",100,13,13,82.244,0,0,0,0,1781052960160,210000,210600,210610,NA,3020,2789,100,100
"210611",100,89,89,78.353,0,0,0,0,1781052960160,210000,210600,210611,NA,20411,18870,100,100
"210612",100,8,8,58.662,0,0,0,0,1781052960160,210000,210600,210612,NA,1280,1220,100,100
"210616",100,7,7,82.343,0,0,0,0,1781052960160,210000,210600,210616,NA,1525,1412,100,100
"210619",100,21,21,72.695,0,0,0,0,1781053218727,210000,210600,210619,NA,4337,3997,100,100
"210620",100,8,8,78.618,0,0,0,0,1781053218727,210000,210600,210620,NA,1706,1627,100,100
"210621",98.361,120,122,76.509,1.639,2,0,0,1781052960160,210000,210600,210621,NA,27205,25036,100,100
"210701",100,48,48,74.864,0,0,0,0,1781052960160,210000,210700,210701,NA,10454,9773,100,100
"210702",100,17,17,77.574,0,0,0,0,1781052960160,210000,210700,210702,NA,3805,3595,100,100
"210703",100,27,27,73.99,0,0,0,0,1781052960160,210000,210700,210703,NA,5476,5134,100,100
"210704",96.97,32,33,52.261,3.03,1,0,0,1781052960160,210000,210700,210704,NA,4715,4467,100,100
"210705",100,8,8,64.126,0,0,0,0,1781052960160,210000,210700,210705,NA,1380,1305,100,100
"210706",100,40,40,61.984,0,0,0,0,1781052960160,210000,210700,210706,NA,6866,6466,100,100
"210801",98.876,88,89,68.731,1.124,1,0,0,1781053218727,210000,210800,210801,NA,17776,16393,100,100
"210802",97.143,34,35,64.332,2.857,1,0,0,1781053218727,210000,210800,210802,NA,6311,5927,100,100
"210803",100,34,34,63.747,0,0,0,0,1781053218727,210000,210800,210803,NA,6040,5647,100,100
"210804",100,12,12,63.12,0,0,0,0,1781053218727,210000,210800,210804,NA,2088,1973,100,100
"210805",100,50,50,66.599,0,0,0,0,1781053218727,210000,210800,210805,NA,9473,8910,100,100
"210806",92.308,12,13,69.668,7.692,1,0,0,1781053218727,210000,210800,210806,NA,2584,2453,100,100
"210901",100,28,28,75.77,0,0,0,0,1781052960160,210000,210900,210901,NA,6051,5580,100,100
"210902",100,12,12,72.501,0,0,0,0,1781052960160,210000,210900,210902,NA,2415,2282,100,100
"210903",100,7,7,78.048,0,0,0,0,1781052960160,210000,210900,210903,NA,1511,1452,100,100
"210904",100,4,4,70.93,0,0,0,0,1781052960160,210000,210900,210904,NA,732,706,100,100
"210905",100,12,12,75.06,0,0,0,0,1781052960160,210000,210900,210905,NA,2510,2380,100,100
"210906",100,5,5,71.381,0,0,0,0,1781052960160,210000,210900,210906,NA,863,828,100,100
"210907",100,12,12,75.182,0,0,0,0,1781052960160,210000,210900,210907,NA,2484,2347,100,100
"210908",100,14,14,68.592,0,0,0,0,1781052960160,210000,210900,210908,NA,2708,2527,100,100
"210909",100,14,14,72.889,0,0,0,0,1781052960160,210000,210900,210909,NA,2823,2709,100,100
"210910",100,24,24,68.378,0,0,0,0,1781052960160,210000,210900,210910,NA,4807,4465,100,100
"211001",100,44,44,76.51,0,0,0,0,1781052960160,210000,211000,211001,NA,9579,8709,100,100
"211002",100,9,9,71.878,0,0,0,0,1781052960160,210000,211000,211002,NA,1669,1503,100,100
"211003",100,9,9,74.492,0,0,0,0,1781052960160,210000,211000,211003,NA,1907,1797,100,100
"211004",100,32,32,64.937,0,0,0,0,1781052960160,210000,211000,211004,NA,5793,5325,100,100
"211005",100,23,23,73.517,0,0,0,0,1781052960160,210000,211000,211005,NA,4525,4144,100,100
"220101",98.75,316,320,78.502,1.25,4,0,0,1781053218727,220000,220100,220101,NA,73896,69217,100,100
"220102",100,16,16,84.588,0,0,0,0,1781053218727,220000,220100,220102,NA,3820,3634,100,100
"220104",100,9,9,83.313,0,0,0,0,1781053218727,220000,220100,220104,NA,2067,1983,100,100
"220107",100,10,10,83.804,0,0,0,0,1781053218727,220000,220100,220107,NA,2225,2141,100,100
"220108",100,7,7,71.598,0,0,0,0,1781053218727,220000,220100,220108,NA,1210,1173,100,100
"220109",92.063,58,63,76.773,7.937,5,0,0,1781052960160,220000,220100,220109,NA,14183,13388,100,100
"220110",100,13,13,78.73,0,0,0,0,1781053218727,220000,220100,220110,NA,2739,2593,100,100
"220111",98.936,93,94,80.662,1.064,1,0,0,1781053218727,220000,220100,220111,NA,22283,21088,100,100
"220112",100,95,95,82.085,0,0,0,0,1781053218727,220000,220100,220112,NA,23047,21902,100,100
"220113",98.962,286,289,81.818,1.038,3,0,0,1781053218727,220000,220100,220113,NA,69732,65902,100,100
"220114",100,29,29,86.03,0,0,0,0,1781053218727,220000,220100,220114,NA,7039,6765,100,100
"220201",100,9,9,76.693,0,0,0,0,1781053218727,220000,220200,220201,NA,2004,1917,100,100
"220205",100,5,5,58.766,0,0,0,0,1781053218727,220000,220200,220205,NA,724,687,100,100
"220206",100,2,2,73.773,0,0,0,0,1781053218727,220000,220200,220206,NA,436,429,100,100
"220207",100,2,2,78.269,0,0,0,0,1781053218727,220000,220200,220207,NA,407,390,100,100
"220210",100,2,2,72.344,0,0,0,0,1781053218727,220000,220200,220210,NA,429,413,100,100
"220211",100,3,3,69.643,0,0,0,0,1781053218727,220000,220200,220211,NA,429,410,100,100
"220212",100,3,3,78.196,0,0,0,0,1781053218727,220000,220200,220212,NA,685,658,100,100
"220213",100,3,3,75.679,0,0,0,0,1781053218727,220000,220200,220213,NA,641,612,100,100
"220301",100,10,10,78.854,0,0,0,0,1781053218727,220000,220300,220301,NA,2036,1968,100,100
"220302",100,12,12,80.606,0,0,0,0,1781053218727,220000,220300,220302,NA,2689,2586,100,100
"220303",100,21,21,78.839,0,0,0,0,1781053218727,220000,220300,220303,NA,4523,4304,100,100
"220401",100,7,7,69.902,0,0,0,0,1781053218727,220000,220400,220401,NA,1433,1348,100,100
"220402",100,4,4,63.529,0,0,0,0,1781053218727,220000,220400,220402,NA,648,630,100,100
"220403",100,2,2,68.267,0,0,0,0,1781053218727,220000,220400,220403,NA,256,253,100,100
"220404",100,3,3,67.783,0,0,0,0,1781053218727,220000,220400,220404,NA,587,573,100,100
"220405",100,3,3,73.684,0,0,0,0,1781053218727,220000,220400,220405,NA,644,625,100,100
"220406",100,5,5,65.479,0,0,0,0,1781053218727,220000,220400,220406,NA,882,860,100,100
"230101",100,280,280,75.08,0,0,0,0,1781053218727,230000,230100,230101,NA,61095,55761,100,100
"230102",100,64,64,79.514,0,0,0,0,1781053218727,230000,230100,230102,NA,14606,13457,100,100
"230103",100,26,26,77.177,0,0,0,0,1781053218727,230000,230100,230103,NA,5654,5193,100,100
"230104",100,22,22,81.264,0,0,0,0,1781053218727,230000,230100,230104,NA,4988,4621,100,100
"230105",100,27,27,80.721,0,0,0,0,1781053218727,230000,230100,230105,NA,6134,5700,100,100
"230106",100,15,15,82.776,0,0,0,0,1781053218727,230000,230100,230106,NA,3441,3205,100,100
"230201",100,33,33,74.76,0,0,0,0,1781053218727,230000,230200,230201,NA,7005,6551,100,100
"230202",100,11,11,75.805,0,0,0,0,1781053218727,230000,230200,230202,NA,2259,2170,100,100
"230203",100,17,17,80.779,0,0,0,0,1781053218727,230000,230200,230203,NA,3837,3602,100,100
"230301",98.246,56,57,72.956,1.754,1,0,0,1781053218727,230000,230300,230301,NA,11948,11106,100,100
"230302",100,12,12,78.223,0,0,0,0,1781053218727,230000,230300,230302,NA,2597,2357,100,100
"230303",100,19,19,78.844,0,0,0,0,1781053218727,230000,230300,230303,NA,4271,4022,100,100
"230304",97.959,48,49,72.753,2.041,1,0,0,1781053218727,230000,230300,230304,NA,10288,9642,100,100
"240101",97.948,1289,1316,75.316,2.052,27,0,0,1781052480265,240000,240100,240101,NA,296314,275976,100,100
"240102",98.354,239,243,75.21,1.646,4,0,0,1781052480265,240000,240100,240102,NA,53622,50047,100,100
"240103",95.455,21,22,68.613,4.545,1,0,0,1781052480265,240000,240100,240103,NA,4383,4203,100,100
"240104",94.558,139,147,75.265,5.442,8,0,0,1781052480265,240000,240100,240104,NA,32322,30133,100,100
"240105",97.949,191,195,74.577,2.051,4,0,0,1781052480265,240000,240100,240105,NA,42624,39728,100,100
"240106",97.206,835,859,74.293,2.794,24,0,0,1781052480265,240000,240100,240106,NA,188574,175383,100,100
"240107",99.138,115,116,81.191,0.862,1,0,0,1781052480265,240000,240100,240107,NA,27553,25702,100,100
"250101",96.632,459,475,67.964,3.368,16,0,0,1781053218727,250000,250100,250101,NA,94954,89297,100,100
"250102",99.298,283,285,67.43,0.702,2,0,0,1781053218727,250000,250100,250102,NA,56579,53175,100,100
"250103",97.778,44,45,40.853,2.222,1,0,0,1781053218727,250000,250100,250103,NA,4926,4707,100,100
"250104",96.364,53,55,65.829,3.636,2,0,0,1781053218727,250000,250100,250104,NA,10640,10033,100,100
"250105",95.238,40,42,33.142,4.762,2,0,0,1781053218727,250000,250100,250105,NA,3750,3572,100,100
"250106",92,23,25,54.686,8,2,0,0,1781053218727,250000,250100,250106,NA,3752,3468,100,100
"250107",99.149,233,235,66.704,0.851,2,0,0,1781053218727,250000,250100,250107,NA,46216,43235,100,100
"250201",100,76,76,63.158,0,0,0,0,1781053218727,250000,250200,250201,NA,13805,13037,100,100
"250202",95.122,39,41,62.699,4.878,2,0,0,1781053218727,250000,250200,250202,NA,7337,6793,100,100
"250203",100,34,34,65.324,0,0,0,0,1781053218727,250000,250200,250203,NA,6550,6140,100,100
"250204",100,27,27,75.592,0,0,0,0,1781053218727,250000,250200,250204,NA,5810,5434,100,100
"250205",100,17,17,74.449,0,0,0,0,1781053218727,250000,250200,250205,NA,3578,3337,100,100
"250206",100,12,12,75.924,0,0,0,0,1781053218727,250000,250200,250206,NA,2507,2379,100,100
"250207",100,13,13,67.386,0,0,0,0,1781053218727,250000,250200,250207,NA,2467,2338,100,100
"250301",95.37,103,108,43.392,4.63,5,0,0,1781053218727,250000,250300,250301,NA,13432,11894,100,100
"250302",96.97,32,33,35.919,3.03,1,0,0,1781053218727,250000,250300,250302,NA,3264,2893,100,100
"250303",0,0,7,0,0,0,100,7,1781053218727,250000,250300,250303,NA,0,0,0,0
"250304",95.455,21,22,48.115,4.545,1,0,0,1781053218727,250000,250300,250304,NA,3075,2752,100,100
"250401",100,12,12,38.139,0,0,0,0,1781053218727,250000,250400,250401,NA,1320,1253,100,100
"910101",100,1,1,31.034,0,0,0,0,1781059080294,910000,910100,910101,NA,9,8,100,100
"910302",100,1,1,25,0,0,0,0,1781059080294,910000,910300,910302,NA,10,10,100,100
"910401",100,1,1,16.667,0,0,0,0,1781059080294,910000,910400,910401,NA,2,1,100,100
"910502",0,0,1,0,0,0,100,1,1781059080294,910000,910500,910502,NA,0,0,0,0
"910603",100,1,1,9.053,0,0,0,0,1781059080294,910000,910600,910603,NA,22,22,100,100
"911201",100,1,1,0,0,0,0,0,1781059080294,910000,911200,911201,NA,0,0,0,0
"920101",100,2,2,41.882,0,0,0,0,1.78106e+12,920000,920100,920101,NA,356,332,100,100
"920202",0,0,221,0,0,0,100,221,1.78106e+12,920000,920200,920202,NA,0,0,0,0
"920203",88.889,24,27,39.405,11.111,3,0,0,1.78106e+12,920000,920200,920203,NA,5194,4812,100,100
"920204",0,0,1,0,0,0,100,1,1.78106e+12,920000,920200,920204,NA,0,0,0,0
"920205",100,25,25,41.969,0,0,0,0,1.78106e+12,920000,920200,920205,NA,5043,4623,100,100
"920206",100,10,10,44.607,0,0,0,0,1.78106e+12,920000,920200,920206,NA,2134,1919,100,100
"920207",0,0,8,0,0,0,100,8,1.78106e+12,920000,920200,920207,NA,0,0,0,0
"920208",0,0,3,0,0,0,100,3,1.78106e+12,920000,920200,920208,NA,0,0,0,0
"920210",100,1,1,37.324,0,0,0,0,1.78106e+12,920000,920200,920210,NA,53,53,100,100
"920219",100,1,1,30.469,0,0,0,0,1.78106e+12,920000,920200,920219,NA,78,73,100,100
"920224",100,1,1,31.285,0,0,0,0,1.78106e+12,920000,920200,920224,NA,56,53,100,100
"920226",100,1,1,38.235,0,0,0,0,1.78106e+12,920000,920200,920226,NA,91,86,100,100
"920401",100,7,7,62.862,0,0,0,0,1.78106e+12,920000,920400,920401,NA,2104,1984,100,100
"920403",100,7,7,46.828,0,0,0,0,1.78106e+12,920000,920400,920403,NA,1447,1331,100,100
"920405",87.5,7,8,38.646,12.5,1,0,0,1.78106e+12,920000,920400,920405,NA,1370,1316,100,100
"920502",0,0,2,0,0,0,100,2,1.78106e+12,920000,920500,920502,NA,0,0,0,0
"920503",100,2,2,32.683,0,0,0,0,1.78106e+12,920000,920500,920503,NA,201,188,100,100
"920504",100,2,2,27.985,0,0,0,0,1.78106e+12,920000,920500,920504,NA,218,208,100,100
"920505",100,5,5,29.237,0,0,0,0,1.78106e+12,920000,920500,920505,NA,621,579,100,100
"920506",100,2,2,12.802,0,0,0,0,1.78106e+12,920000,920500,920506,NA,127,123,100,100
"920508",100,2,2,14.465,0,0,0,0,1.78106e+12,920000,920500,920508,NA,104,99,100,100
"920509",0,0,5,0,0,0,100,5,1.78106e+12,920000,920500,920509,NA,0,0,0,0
"920510",95.238,20,21,29.608,4.762,1,0,0,1.78106e+12,920000,920500,920510,NA,3010,2831,100,100
"920511",0,0,1,0,0,0,100,1,1.78106e+12,920000,920500,920511,NA,0,0,0,0
"920532",100,1,1,23.894,0,0,0,0,1.78106e+12,920000,920500,920532,NA,81,77,100,100
"920536",0,0,1,0,0,0,100,1,1.78106e+12,920000,920500,920536,NA,0,0,0,0
"920601",0,0,23,0,0,0,100,23,1.78106e+12,920000,920600,920601,NA,0,0,0,0
"920602",0,0,2,0,0,0,100,2,1.78106e+12,920000,920600,920602,NA,0,0,0,0
"920603",0,0,17,0,0,0,100,17,1.78106e+12,920000,920600,920603,NA,0,0,0,0
"920604",0,0,6,0,0,0,100,6,1.78106e+12,920000,920600,920604,NA,0,0,0,0
"920605",0,0,1,0,0,0,100,1,1.78106e+12,920000,920600,920605,NA,0,0,0,0
"920608",0,0,3,0,0,0,100,3,1.78106e+12,920000,920600,920608,NA,0,0,0,0
"920701",100,1,1,33.146,0,0,0,0,1.78106e+12,920000,920700,920701,NA,59,57,100,100
"920702",100,5,5,41.487,0,0,0,0,1.78106e+12,920000,920700,920702,NA,1021,976,100,100
"920703",100,2,2,32.71,0,0,0,0,1.78106e+12,920000,920700,920703,NA,210,191,100,100
"920705",100,4,4,32.689,0,0,0,0,1.78106e+12,920000,920700,920705,NA,558,518,100,100
"920706",100,2,2,34.646,0,0,0,0,1.78106e+12,920000,920700,920706,NA,308,293,100,100
"920709",100,1,1,20.497,0,0,0,0,1.78106e+12,920000,920700,920709,NA,33,32,100,100
"920717",100,1,1,21.875,0,0,0,0,1.78106e+12,920000,920700,920717,NA,7,7,100,100
"920737",100,1,1,25,0,0,0,0,1.78106e+12,920000,920700,920737,NA,20,20,100,100
"920803",100,7,7,37.96,0,0,0,0,1.78106e+12,920000,920800,920803,NA,1239,1181,100,100
"920901",100,1,1,12.409,0,0,0,0,1.78106e+12,920000,920900,920901,NA,17,16,100,100
"921001",0,0,14,0,0,0,100,14,1.78106e+12,920000,921000,921001,NA,0,0,0,0
"921002",90.909,10,11,57.394,9.091,1,0,0,1.78106e+12,920000,921000,921002,NA,2942,2761,100,100
"921003",0,0,4,0,0,0,100,4,1.78106e+12,920000,921000,921003,NA,0,0,0,0
"921005",87.5,21,24,51.165,12.5,3,0,0,1.78106e+12,920000,921000,921005,NA,5909,5385,100,100
"921006",0,0,218,0,0,0,100,218,1.78106e+12,920000,921000,921006,NA,0,0,0,0
"921007",0,0,8,0,0,0,100,8,1.78106e+12,920000,921000,921007,NA,0,0,0,0
"921026",0,0,2,0,0,0,100,2,1.78106e+12,920000,921000,921026,NA,0,0,0,0
"921101",100,5,5,41.293,0,0,0,0,1.78106e+12,920000,921100,921101,NA,1003,912,100,100
"921102",100,2,2,43.866,0,0,0,0,1.78106e+12,920000,921100,921102,NA,379,334,100,100
"921104",100,2,2,50.628,0,0,0,0,1.78106e+12,920000,921100,921104,NA,282,244,100,100
"921105",100,5,5,43.86,0,0,0,0,1.78106e+12,920000,921100,921105,NA,968,869,100,100
"921110",100,2,2,49.464,0,0,0,0,1.78106e+12,920000,921100,921110,NA,461,395,100,100
"921201",100,1,1,43.275,0,0,0,0,1.78106e+12,920000,921200,921201,NA,74,72,100,100
"921303",0,0,13,0,0,0,100,13,1.78106e+12,920000,921300,921303,NA,0,0,0,0
"921304",93.103,27,29,8.317,6.897,2,0,0,1.78106e+12,920000,921300,921304,NA,1171,1138,100,100
"921308",100,13,13,17.708,0,0,0,0,1.78106e+12,920000,921300,921308,NA,1097,1051,100,100
"921313",0,0,17,0,0,0,100,17,1.78106e+12,920000,921300,921313,NA,0,0,0,0
"921315",0,0,78,0,0,0,100,78,1.78106e+12,920000,921300,921315,NA,0,0,0,0
"921317",99.091,109,110,19.7,0.909,1,0,0,1.78106e+12,920000,921300,921317,NA,10778,10485,100,100
"921318",0,0,2,0,0,0,100,2,1.78106e+12,920000,921300,921318,NA,0,0,0,0
"921319",95.833,92,96,13.953,4.167,4,0,0,1.78106e+12,920000,921300,921319,NA,6683,6456,100,100
"921320",80.952,17,21,10.42,19.048,4,0,0,1.78106e+12,920000,921300,921320,NA,1090,1072,100,100
"921322",100,5,5,11.553,0,0,0,0,1.78106e+12,920000,921300,921322,NA,241,225,100,100
"921323",0,0,3,0,0,0,100,3,1.78106e+12,920000,921300,921323,NA,0,0,0,0
"921324",0,0,5,0,0,0,100,5,1.78106e+12,920000,921300,921324,NA,0,0,0,0
"921325",0,0,45,0,0,0,100,45,1.78106e+12,920000,921300,921325,NA,0,0,0,0
"921328",0,0,10,0,0,0,100,10,1.78106e+12,920000,921300,921328,NA,0,0,0,0
"921331",92,69,75,17.494,8,6,0,0,1.78106e+12,920000,921300,921331,NA,6524,6266,100,100
"921335",0,0,128,0,0,0,100,128,1.78106e+12,920000,921300,921335,NA,0,0,0,0
"921350",100,13,13,14.077,0,0,0,0,1.78106e+12,920000,921300,921350,NA,894,868,100,100
"921372",100,5,5,21.912,0,0,0,0,1.78106e+12,920000,921300,921372,NA,479,448,100,100
"921373",100,14,14,22.918,0,0,0,0,1.78106e+12,920000,921300,921373,NA,1555,1488,100,100
"921374",100,13,13,27.27,0,0,0,0,1.78106e+12,920000,921300,921374,NA,1727,1655,100,100
"921381",86.957,20,23,18.54,13.043,3,0,0,1.78106e+12,920000,921300,921381,NA,2060,1988,100,100
"921385",0,0,31,0,0,0,100,31,1.78106e+12,920000,921300,921385,NA,0,0,0,0
"921501",100,2,2,38.964,0,0,0,0,1.78106e+12,920000,921500,921501,NA,203,198,100,100
"921701",100,1,1,21.612,0,0,0,0,1.78106e+12,920000,921700,921701,NA,59,57,100,100
"921901",100,3,3,16.536,0,0,0,0,1.78106e+12,920000,921900,921901,NA,211,200,100,100
"921902",100,9,9,24.186,0,0,0,0,1.78106e+12,920000,921900,921902,NA,1025,971,100,100
"921903",100,2,2,25.412,0,0,0,0,1.78106e+12,920000,921900,921903,NA,247,236,100,100
"922001",100,1,1,33.514,0,0,0,0,1.78106e+12,920000,922000,922001,NA,62,58,100,100
"922101",100,7,7,38.211,0,0,0,0,1.78106e+12,920000,922100,922101,NA,1277,1164,100,100
"922102",100,1,1,51.887,0,0,0,0,1.78106e+12,920000,922100,922102,NA,55,53,100,100
"922103",100,1,1,32.353,0,0,0,0,1.78106e+12,920000,922100,922103,NA,11,11,100,100
"922108",100,1,1,26.531,0,0,0,0,1.78106e+12,920000,922100,922108,NA,26,25,100,100
"922201",50,2,4,19.534,50,2,0,0,1.78106e+12,920000,922200,922201,NA,352,331,100,100
"922303",100,2,2,31.785,0,0,0,0,1.78106e+12,920000,922300,922303,NA,260,247,100,100
"922401",100,3,3,44.92,0,0,0,0,1.78106e+12,920000,922400,922401,NA,504,480,100,100
"922403",100,1,1,41.219,0,0,0,0,1.78106e+12,920000,922400,922403,NA,115,111,100,100
"922601",100,1,1,9.677,0,0,0,0,1.78106e+12,920000,922600,922601,NA,9,8,100,100
"922701",100,4,4,50.359,0,0,0,0,1.78106e+12,920000,922700,922701,NA,983,900,100,100
"922802",100,34,34,0,0,0,0,0,1.78106e+12,920000,922800,922802,NA,0,0,0,0
"923001",0,0,2,0,0,0,100,2,1.78106e+12,920000,923000,923001,NA,0,0,0,0
"930101",0,0,1,0,0,0,100,1,1781059080294,930000,930100,930101,NA,0,0,0,0
"930201",100,1,1,22.222,0,0,0,0,1781059080294,930000,930200,930201,NA,18,17,100,100
"930206",100,1,1,22.517,0,0,0,0,1781059080294,930000,930200,930206,NA,34,32,100,100
"930226",100,1,1,16.459,0,0,0,0,1781059080294,930000,930200,930226,NA,66,64,100,100
"930232",100,1,1,16,0,0,0,0,1781059080294,930000,930200,930232,NA,32,31,100,100
"930402",100,1,1,9.783,0,0,0,0,1781059080294,930000,930400,930402,NA,9,9,100,100
"930602",0,0,4,0,0,0,100,4,1781059080294,930000,930600,930602,NA,0,0,0,0
"930603",0,0,0,0,0,0,0,0,1781059080294,930000,930600,930603,NA,0,0,0,0
"930703",0,0,25,0,0,0,100,25,1781059080294,930000,930700,930703,NA,0,0,0,0
"930704",0,0,1,0,0,0,100,1,1781059080294,930000,930700,930704,NA,0,0,0,0
"930705",0,0,1,0,0,0,100,1,1781059080294,930000,930700,930705,NA,0,0,0,0
"930709",0,0,2,0,0,0,100,2,1781059080294,930000,930700,930709,NA,0,0,0,0
"930713",0,0,14,0,0,0,100,14,1781059080294,930000,930700,930713,NA,0,0,0,0
"930720",0,0,6,0,0,0,100,6,1781059080294,930000,930700,930720,NA,0,0,0,0
"930721",0,0,12,0,0,0,100,12,1781059080294,930000,930700,930721,NA,0,0,0,0
"930726",0,0,8,0,0,0,100,8,1781059080294,930000,930700,930726,NA,0,0,0,0
"930727",0,0,5,0,0,0,100,5,1781059080294,930000,930700,930727,NA,0,0,0,0
"930731",0,0,4,0,0,0,100,4,1781059080294,930000,930700,930731,NA,0,0,0,0
"930736",0,0,3,0,0,0,100,3,1781059080294,930000,930700,930736,NA,0,0,0,0
"930801",100,1,1,0,0,0,0,0,1781059080294,930000,930800,930801,NA,0,0,0,0
"931001",100,1,1,25,0,0,0,0,1781059080294,930000,931000,931001,NA,23,21,100,100
"931101",100,1,1,50,0,0,0,0,1781059080294,930000,931100,931101,NA,11,9,100,100
"931501",100,1,1,31.579,0,0,0,0,1781059080294,930000,931500,931501,NA,18,18,100,100
"931503",100,1,1,26.471,0,0,0,0,1781059080294,930000,931500,931503,NA,9,8,100,100
"931904",0,0,1,0,0,0,100,1,1781059080294,930000,931900,931904,NA,0,0,0,0
"932002",100,1,1,23.529,0,0,0,0,1781059080294,930000,932000,932002,NA,4,4,100,100
"932401",100,1,1,0,0,0,0,0,1781059080294,930000,932400,932401,NA,0,0,0,0
"932501",100,1,1,27.885,0,0,0,0,1781059080294,930000,932500,932501,NA,29,27,100,100
"932801",0,0,1,0,0,0,100,1,1781059080294,930000,932800,932801,NA,0,0,0,0
"933001",100,1,1,34.783,0,0,0,0,1781059080294,930000,933000,933001,NA,8,6,100,100
"933201",0,0,1,0,0,0,100,1,1781059080294,930000,933200,933201,NA,0,0,0,0
"933701",0,0,1,0,0,0,100,1,1781059080294,930000,933700,933701,NA,0,0,0,0
"933702",0,0,1,0,0,0,100,1,1781059080294,930000,933700,933702,NA,0,0,0,0
"933801",0,0,1,0,0,0,100,1,1781059080294,930000,933800,933801,NA,0,0,0,0
"940201",100,5,5,34.567,0,0,0,0,1781057880217,940000,940200,940201,NA,831,802,100,100
"940203",100,2,2,20.146,0,0,0,0,1781057880217,940000,940200,940203,NA,193,187,100,100
"940205",100,5,5,27.588,0,0,0,0,1781057880217,940000,940200,940205,NA,589,567,100,100
"940206",100,3,3,33.696,0,0,0,0,1781057880217,940000,940200,940206,NA,434,414,100,100
"940213",100,5,5,25.385,0,0,0,0,1781058120079,940000,940200,940213,NA,561,549,100,100
"940245",44.444,4,9,10.277,55.556,5,0,0,1781058120079,940000,940200,940245,NA,460,443,100,100
"940302",66.667,2,3,19.048,33.333,1,0,0,1781058120079,940000,940300,940302,NA,224,212,100,100
"940401",100,2,2,39.403,0,0,0,0,1781058120079,940000,940400,940401,NA,251,236,100,100
"940402",83.333,5,6,32.486,16.667,1,0,0,1781058120079,940000,940400,940402,NA,907,839,100,100
"940403",100,1,1,38.642,0,0,0,0,1781058120079,940000,940400,940403,NA,148,140,100,100
"940404",100,1,1,35.025,0,0,0,0,1781058120079,940000,940400,940404,NA,69,68,100,100
"940601",100,1,1,27.24,0,0,0,0,1781058120079,940000,940600,940601,NA,76,75,100,100
"940801",100,2,2,24.296,0,0,0,0,1781058120079,940000,940800,940801,NA,164,158,100,100
"940902",0,0,119,0,0,0,100,119,1781058120079,940000,940900,940902,NA,0,0,0,0
"940903",0,0,28,0,0,0,100,28,1781058120079,940000,940900,940903,NA,0,0,0,0
"940905",0,0,10,0,0,0,100,10,1781058120079,940000,940900,940905,NA,0,0,0,0
"940909",0,0,3,0,0,0,100,3,1781058120079,940000,940900,940909,NA,0,0,0,0
"940910",0,0,212,0,0,0,100,212,1781058120079,940000,940900,940910,NA,0,0,0,0
"940911",100,4,4,18.409,0,0,0,0,1781058120079,940000,940900,940911,NA,331,318,100,100
"940913",0,0,7,0,0,0,100,7,1781058120079,940000,940900,940913,NA,0,0,0,0
"940915",0,0,3,0,0,0,100,3,1781058120079,940000,940900,940915,NA,0,0,0,0
"940917",0,0,8,0,0,0,100,8,1781058120079,940000,940900,940917,NA,0,0,0,0
"940918",100,14,14,29.524,0,0,0,0,1781058120079,940000,940900,940918,NA,1922,1805,100,100
"940920",100,18,18,25.758,0,0,0,0,1781058120079,940000,940900,940920,NA,2227,2096,100,100
"940922",0,0,11,0,0,0,100,11,1781058120079,940000,940900,940922,NA,0,0,0,0
"940931",0,0,3,0,0,0,100,3,1781058120079,940000,940900,940931,NA,0,0,0,0
"940935",100,6,6,23.448,0,0,0,0,1781058120079,940000,940900,940935,NA,680,656,100,100
"941001",100,1,1,18.736,0,0,0,0,1781058120079,940000,941000,941001,NA,86,82,100,100
"941101",0,0,2,0,0,0,100,2,1781058120079,940000,941100,941101,NA,0,0,0,0
"941103",0,0,1,0,0,0,100,1,1781058120079,940000,941100,941103,NA,0,0,0,0
"941105",0,0,3,0,0,0,100,3,1781058120079,940000,941100,941105,NA,0,0,0,0
"941106",0,0,1,0,0,0,100,1,1781058120079,940000,941100,941106,NA,0,0,0,0
"941107",0,0,1,0,0,0,100,1,1781058120079,940000,941100,941107,NA,0,0,0,0
"941108",0,0,21,0,0,0,100,21,1781058120079,940000,941100,941108,NA,0,0,0,0
"941110",0,0,2,0,0,0,100,2,1781058120079,940000,941100,941110,NA,0,0,0,0
"941204",84.615,11,13,19.621,15.385,2,0,0,1781058120079,940000,941200,941204,NA,1232,1167,100,100
"941301",100,1,1,13.07,0,0,0,0,1781058120079,940000,941300,941301,NA,43,41,100,100
"941401",100,6,6,29.647,0,0,0,0,1781058120079,940000,941400,941401,NA,756,717,100,100
"941501",100,1,1,29.193,0,0,0,0,1781058120079,940000,941500,941501,NA,94,91,100,100
"941701",22.222,2,9,6.298,0,0,77.778,7,1781058120079,940000,941700,941701,NA,265,244,100,100
"941703",87.5,21,24,32.642,12.5,3,0,0,1781058120079,940000,941700,941703,NA,3763,3585,100,100
"941704",100,13,13,35.379,0,0,0,0,1781058120079,940000,941700,941704,NA,2208,2066,100,100
"941706",41.071,46,112,14.421,0,0,58.929,66,1781058360274,940000,941700,941706,NA,8036,7616,100,100
"941707",0,0,3,0,0,0,100,3,1781058360274,940000,941700,941707,NA,0,0,0,0
"941709",0,0,43,0,0,0,100,43,1781058480226,940000,941700,941709,NA,0,0,0,0
"941710",0,0,4,0,0,0,100,4,1781058480226,940000,941700,941710,NA,0,0,0,0
"941711",87.097,27,31,37.984,12.903,4,0,0,1781058480226,940000,941700,941711,NA,5739,5373,100,100
"941717",0,0,6,0,0,0,100,6,1781058480226,940000,941700,941717,NA,0,0,0,0
"941748",0,0,4,0,0,0,100,4,1781058480226,940000,941700,941748,NA,0,0,0,0
"941755",100,2,2,34.995,0,0,0,0,1781058480226,940000,941700,941755,NA,337,321,100,100
"941801",100,1,1,21.45,0,0,0,0,1781058480226,940000,941800,941801,NA,71,67,100,100
"942001",100,1,1,46.328,0,0,0,0,1781058480226,940000,942000,942001,NA,164,149,100,100
"942101",0,0,1,0,0,0,100,1,1781058480226,940000,942100,942101,NA,0,0,0,0
"942302",100,2,2,22.659,0,0,0,0,1781058480226,940000,942300,942302,NA,121,116,100,100
"942401",100,1,1,19.071,0,0,0,0,1781058480226,940000,942400,942401,NA,78,75,100,100
"942502",100,2,2,23.775,0,0,0,0,1781058360274,940000,942500,942502,NA,165,152,100,100
"942601",100,1,1,30,0,0,0,0,1781058480226,940000,942600,942601,NA,30,30,100,100
"942604",100,1,1,42.222,0,0,0,0,1781058480226,940000,942600,942604,NA,19,17,100,100
"942701",85.714,6,7,23.595,14.286,1,0,0,1781058480226,940000,942700,942701,NA,810,786,100,100
"942703",100,2,2,20.326,0,0,0,0,1781058480226,940000,942700,942703,NA,137,130,100,100
"942802",100,10,10,17.617,0,0,0,0,1781058360274,940000,942800,942802,NA,874,832,100,100
"942803",88.889,8,9,29.784,11.111,1,0,0,1781058480226,940000,942800,942803,NA,1312,1227,100,100
"942901",0,0,2,0,0,0,100,2,1781058480226,940000,942900,942901,NA,0,0,0,0
"942910",0,0,1,0,0,0,100,1,1781058480226,940000,942900,942910,NA,0,0,0,0
"943601",0,0,1,0,0,0,100,1,1781058480226,940000,943600,943601,NA,0,0,0,0
"943701",100,1,1,44.444,0,0,0,0,1781058480226,940000,943700,943701,NA,4,3,100,100
"950102",100,3,3,29.08,0,0,0,0,1781059080294,950000,950100,950102,NA,294,280,100,100
"950103",100,1,1,29.012,0,0,0,0,1781059080294,950000,950100,950103,NA,47,42,100,100
"950104",100,3,3,25.371,0,0,0,0,1781059080294,950000,950100,950104,NA,291,265,100,100
"950105",88.889,8,9,25.375,11.111,1,0,0,1781059080294,950000,950100,950105,NA,1066,991,100,100
"950106",100,2,2,39.748,0,0,0,0,1781059080294,950000,950100,950106,NA,221,208,100,100
"950201",0,0,2,0,0,0,100,2,1781059080294,950000,950200,950201,NA,0,0,0,0
"950202",0,0,1,0,0,0,100,1,1781059080294,950000,950200,950202,NA,0,0,0,0
